study.name,YofPub,group.name,n,d,t.pair,df,mdif,sdif,stder,mpre,sdpre,mpos,sdpos,r,rev.sign,rev.group,autoreg,post ,control,cont.type,outcome,time, treatments,cf.timely,ssci,setting,ed.level,Age,profic,motivation,Ss.aware,random.grp,equiv.grp,rel.inter,rel.intra,genre,sourced,timed,Location,Length ,instruction,graded,acc.measure,cf.training,error.type,cf.scope,cf.type,error.key,cf.provider,cf.revision,cf.oral
Al_Ajmi ,2015,,25,,,,,,,1.68,1.069,7.4,2.217,,,,,1,F,1,1,0,2,0,0,2,2,2,1,99,99,0,1,1,99,9,0,99,99,0,99,99,10,99,2,2,8,88,0,99,1
Al_Ajmi ,2015,,25,,,,,,,1.68,1.069,8.08,1.754,,,,,2,F,1,1,2,2,0,0,2,2,2,1,99,99,0,1,1,99,9,0,99,99,0,99,99,10,99,2,2,8,88,0,99,1
Al_Ajmi ,2015,,25,,,,,,,1.44,1.083,1.08,1.115,,,,,1,T,1,1,0,0,88,0,2,2,2,1,99,99,0,1,1,99,9,0,99,99,0,99,99,10,99,88,88,88,88,0,99,0
Al_Ajmi ,2015,,25,,,,,,,1.44,1.083,1.48,1.085,,,,,2,T,1,1,2,0,88,0,2,2,2,1,99,99,0,1,1,99,9,0,99,99,0,99,99,10,99,88,88,88,88,0,99,0
,,,,,,,,,,,,,,,,,,,,,,,,,,,,,,,,,,,,,,,,,,,,,,,,,,,
Al.Ahmad_Al.Jarrah,2015,,13,,,,,,,60.348,21.54,74.312,11.36,,,,,1,F,1,1,0,2,1,0,2,2,2,1,99,99,0,0,1,0,5,0,1,0,99,1,99,11,99,3,2,0,88,0,0,0
Al.Ahmad_Al.Jarrah,2015,,13,,,,,,,60.348,21.54,68.874,14.98,,,,,2,F,1,1,8,2,1,0,2,2,2,1,99,99,0,0,1,0,5,0,1,0,99,1,99,11,99,3,2,0,88,0,0,0
Al.Ahmad_Al.Jarrah,2015,,13,,,,,,,82.924,11.38,88.662,11.8,,,,,1,F,1,1,0,2,1,0,2,2,2,1,99,99,0,0,1,0,5,0,1,0,99,1,99,11,99,3,2,8,88,0,0,1
Al.Ahmad_Al.Jarrah,2015,,13,,,,,,,82.924,11.38,90.29,8.4,,,,,2,F,1,1,8,2,1,0,2,2,2,1,99,99,0,0,1,0,5,0,1,0,99,1,99,11,99,3,2,8,88,0,0,1
Al.Ahmad_Al.Jarrah,2015,,13,,,,,,,28.899,13.88,32.521,18.85,,,,,1,T,1,1,0,0,88,0,2,2,2,1,99,99,0,0,1,0,5,0,1,0,99,1,99,11,99,88,88,88,88,0,0,0
Al.Ahmad_Al.Jarrah,2015,,13,,,,,,,28.899,13.88,39.895,20.84,,,,,2,T,1,1,8,0,88,0,2,2,2,1,99,99,0,0,1,0,5,0,1,0,99,1,99,11,99,88,88,88,88,0,0,0
,,,,,,,,,,,,,,,,,,,,,,,,,,,,,,,,,,,,,,,,,,,,,,,,,,,
Bitchener_Knoch_a  ,2008,,17,,,,,,,67.59,19.26,82.53,14.33,,,,,1,F,0,1,0,1,1,1,1,2,2,1,99,1,0,1,1,0,5,0,1,0,99,99,99,1,99,1,2,8,88,99,2,1
Bitchener_Knoch_a  ,2008,,17,,,,,,,67.59,19.26,82.65,15.47,,,,,2,F,0,1,7,1,1,1,1,2,2,1,99,1,0,1,1,0,5,0,1,0,99,99,99,1,99,1,2,8,88,99,2,1
Bitchener_Knoch_a  ,2008,,18,,,,,,,53.11,21.73,77.5,16.07,,,,,1,F,0,1,0,1,1,1,1,2,2,1,99,1,0,1,1,0,5,0,1,0,99,99,99,1,99,1,2,8,88,99,2,0
Bitchener_Knoch_a  ,2008,,18,,,,,,,53.11,21.73,76.78,20.67,,,,,2,F,0,1,7,1,1,1,1,2,2,1,99,1,0,1,1,0,5,0,1,0,99,99,99,1,99,1,2,8,88,99,2,0
Bitchener_Knoch_a  ,2008,,20,,,,,,,59.35,18.39,81.25,13,,,,,1,F,0,1,0,1,1,1,1,2,2,1,99,1,0,1,1,0,5,0,1,0,99,99,99,1,99,1,2,0,88,99,2,0
Bitchener_Knoch_a  ,2008,,20,,,,,,,59.35,18.39,80.05,12.09,,,,,2,F,0,1,7,1,1,1,1,2,2,1,99,1,0,1,1,0,5,0,1,0,99,99,99,1,99,1,2,0,88,99,2,0
Bitchener_Knoch_a  ,2008,,20,,,,,,,51.9,28.32,52.75,23.26,,,,,1,T,0,1,0,0,88,1,1,2,2,1,99,1,0,1,1,0,5,0,1,0,99,99,99,1,99,88,88,88,88,88,2,0
Bitchener_Knoch_a  ,2008,,20,,,,,,,51.9,28.32,63.9,18.89,,,,,2,T,0,1,7,0,88,1,1,2,2,1,99,1,0,1,1,0,5,0,1,0,99,99,99,1,99,88,88,88,88,88,2,0
,,,,,,,,,,,,,,,,,,,,,,,,,,,,,,,,,,,,,,,,,,,,,,,,,,,
Bitchener_Knoch_b ,2010,,12,,,,,,,87.08,13.22,95.92,5.48,,,,,1,F,0,1,0,1,1,1,1,2,2,2,2,1,0,1,1,0,5,0,1,0,99,0,99,1,99,1,2,3,88,99,2,0
Bitchener_Knoch_b ,2010,,12,,,,,,,87.08,13.22,96.25,4,,,,,2,F,0,1,9,1,1,1,1,2,2,2,2,1,0,1,1,0,5,0,1,0,99,0,99,1,99,1,2,3,88,99,2,0
Bitchener_Knoch_b ,2010,,27,,,,,,,90.59,8.79,93.18,4.71,,,,,1,F,0,1,0,1,1,1,1,2,2,2,2,1,0,1,1,0,5,0,1,0,99,0,99,1,99,1,2,1,88,99,2,0
Bitchener_Knoch_b ,2010,,27,,,,,,,90.59,8.79,92.76,6.8,,,,,2,F,0,1,9,1,1,1,1,2,2,2,2,1,0,1,1,0,5,0,1,0,99,0,99,1,99,1,2,1,88,99,2,0
Bitchener_Knoch_b ,2010,,12,,,,,,,83.08,12.49,94.17,5.15,,,,,1,F,0,1,0,1,1,1,1,2,2,2,2,1,0,1,1,0,5,0,1,0,99,0,99,1,99,1,2,3,88,99,2,1
Bitchener_Knoch_b ,2010,,12,,,,,,,83.08,12.49,95.33,5.09,,,,,2,F,0,1,9,1,1,1,1,2,2,2,2,1,0,1,1,0,5,0,1,0,99,0,99,1,99,1,2,3,88,99,2,1
Bitchener_Knoch_b ,2010,,12,,,,,,,85.58,8.89,86.17,8.08,,,,,1,T,0,1,0,0,88,1,1,2,2,2,2,1,0,1,1,0,5,0,1,0,99,0,99,1,99,88,88,88,88,88,2,0
Bitchener_Knoch_b ,2010,,12,,,,,,,85.58,8.89,85.92,11.87,,,,,2,T,0,1,9,0,88,1,1,2,2,2,2,1,0,1,1,0,5,0,1,0,99,0,99,1,99,88,88,88,88,88,2,0
,,,,,,,,,,,,,,,,,,,,,,,,,,,,,,,,,,,,,,,,,,,,,,,,,,,
Bitchener_Knoch _c,2010,,13,,,,,,,62.46,11.98,89.23,8.22,,,,,1,F,0,1,0,1,1,1,1,2,2,1,99,1,1,1,1,0,5,0,1,0,99,1,99,1,0,1,2,8,88,99,0,1
Bitchener_Knoch _c,2010,,13,,,,,,,62.46,11.98,79.61,10.29,,,,,2,F,0,1,6,1,1,1,1,2,2,1,99,1,1,1,1,0,5,0,1,0,99,1,99,1,0,1,2,8,88,99,0,1
Bitchener_Knoch _c,2010,,13,,,,,,,62.46,11.98,84.31,12.33,,,,,3,F,0,1,24,1,1,1,1,2,2,1,99,1,1,1,1,0,5,0,1,0,99,1,99,1,0,1,2,8,88,99,0,1
Bitchener_Knoch _c,2010,,13,,,,,,,62.46,11.98,88.38,9.53,,,,,4,F,0,1,40,1,1,1,1,2,2,1,99,1,1,1,1,0,5,0,1,0,99,1,99,1,0,1,2,8,88,99,0,1
Bitchener_Knoch_c  ,2010,,13,,,,,,,55.31,20.08,83.77,10.36,,,,,1,F,0,1,0,1,1,1,1,2,2,1,99,1,1,1,1,0,5,0,1,0,99,0,99,1,0,1,2,8,88,99,0,0
Bitchener_Knoch_c  ,2010,,13,,,,,,,55.31,20.08,78.46,11.04,,,,,2,F,0,1,6,1,1,1,1,2,2,1,99,1,1,1,1,0,5,0,1,0,99,0,99,1,0,1,2,8,88,99,0,0
Bitchener_Knoch_c  ,2010,,13,,,,,,,55.31,20.08,81.69,10.93,,,,,3,F,0,1,24,1,1,1,1,2,2,1,99,1,1,1,1,0,5,0,1,0,99,0,99,1,0,1,2,8,88,99,0,0
Bitchener_Knoch_c  ,2010,,13,,,,,,,55.31,20.08,88.77,8.55,,,,,4,F,0,1,40,1,1,1,1,2,2,1,99,1,1,1,1,0,5,0,1,0,99,0,99,1,0,1,2,8,88,99,0,0
Bitchener_Knoch_c  ,2010,,13,,,,,,,59.69,20.45,79.15,14.27,,,,,1,F,0,1,0,1,1,1,1,2,2,1,99,1,1,1,1,0,5,0,1,0,99,0,99,1,0,1,2,0,88,99,0,0
Bitchener_Knoch_c  ,2010,,13,,,,,,,59.69,20.45,79.84,13.74,,,,,2,F,0,1,6,1,1,1,1,2,2,1,99,1,1,1,1,0,5,0,1,0,99,0,99,1,0,1,2,0,88,99,0,0
Bitchener_Knoch_c  ,2010,,13,,,,,,,59.69,20.45,78.31,13.41,,,,,3,F,0,1,24,1,1,1,1,2,2,1,99,1,1,1,1,0,5,0,1,0,99,0,99,1,0,1,2,0,88,99,0,0
Bitchener_Knoch_c  ,2010,,13,,,,,,,59.69,20.45,81.46,13.9,,,,,4,F,0,1,40,1,88,1,1,2,2,1,99,1,1,1,1,0,5,0,1,0,99,0,99,1,0,88,88,88,88,99,0,0
Bitchener_Knoch_c  ,2010,,13,,,,,,,60.17,17.58,67.08,21.45,,,,,1,T,0,1,0,0,88,1,1,2,2,1,99,1,1,1,1,0,5,0,1,0,99,0,99,1,0,88,88,88,88,99,0,0
Bitchener_Knoch_c  ,2010,,13,,,,,,,60.17,17.58,56.62,22.29,,,,,2,T,0,1,6,0,88,1,1,2,2,1,99,1,1,1,1,0,5,0,1,0,99,0,99,1,0,88,88,88,88,99,0,0
Bitchener_Knoch_c  ,2010,,13,,,,,,,60.17,17.58,62.46,18.97,,,,,3,T,0,1,24,0,88,1,1,2,2,1,99,1,1,1,1,0,5,0,1,0,99,0,99,1,0,88,88,88,88,99,0,0
Bitchener_Knoch_c  ,2010,,13,,,,,,,60.17,17.58,58.92,16.16,,,,,4,T,0,1,40,0,88,1,1,2,2,1,99,1,1,1,1,0,5,0,1,0,99,0,99,1,0,88,88,88,88,99,0,0
,,,,,,,,,,,,,,,,,,,,,,,,,,,,,,,,,,,,,,,,,,,,,,,,,,,
Bitchener_Young_Cameron  ,2005,,19,,,,,,,82.21,7.03,84.79,8.92,,,,,1,F,1,1,4,3,99,1,1,3,2,1,99,99,0,99,1,0,1,0,1,0,2,2,1,1,99,2,1,8,88,1,99,1
Bitchener_Young_Cameron  ,2005,,19,,,,,,,91.64,8.66,91.5,11.22,,,,,1,F,1,2,4,3,99,1,1,3,2,1,99,99,0,99,1,0,1,0,1,0,2,2,1,1,99,3,1,8,88,1,99,1
Bitchener_Young_Cameron  ,2005,,19,,,,,,,63,37.22,83.93,14.4,,,,,1,F,1,3,4,3,99,1,1,3,2,1,99,99,0,99,1,0,1,0,1,0,2,2,1,1,99,1,1,8,88,1,99,1
Bitchener_Young_Cameron  ,2005,,17,,,,,,,83.71,10.56,75.79,10.09,,,,,1,F,1,1,4,3,99,1,1,3,2,1,99,99,0,99,1,0,1,0,1,0,2,2,1,1,99,2,1,0,88,1,99,0
Bitchener_Young_Cameron  ,2005,,17,,,,,,,81.07,18.49,77.86,15.91,,,,,1,F,1,2,4,3,99,1,1,3,2,1,99,99,0,99,1,0,1,0,1,0,2,2,1,1,99,3,1,0,88,1,99,0
Bitchener_Young_Cameron  ,2005,,17,,,,,,,69.29,30.6,61.93,17.57,,,,,1,F,1,3,4,3,99,1,1,3,2,1,99,99,0,99,1,0,1,0,1,0,2,2,1,1,99,1,1,0,88,1,99,0
Bitchener_Young_Cameron  ,2005,,17,,,,,,,80.31,10.64,77.38,7.97,,,,,1,T,1,1,4,0,88,1,1,3,2,1,99,99,0,99,1,0,1,0,1,0,2,2,1,1,99,88,88,88,88,1,99,0
Bitchener_Young_Cameron  ,2005,,17,,,,,,,75.69,17.14,82.92,11.17,,,,,1,T,1,2,4,0,88,1,1,3,2,1,99,99,0,99,1,0,1,0,1,0,2,2,1,1,99,88,88,88,88,1,99,0
Bitchener_Young_Cameron  ,2005,,17,,,,,,,55.31,29.15,47.62,25.45,,,,,1,T,1,3,4,0,88,1,1,3,2,1,99,99,0,99,1,0,1,0,1,0,2,2,1,1,99,88,88,88,88,1,99,0
,,,,,,,,,,,,,,,,,,,,,,,,,,,,,,,,,,,,,,,,,,,,,,,,,,,
Bonilla_Steendam_Speelman_Buyse,2018,,29,,,,,,,0.39,0.25,0.18,0.16,,T,,,1,F,2,1,0,2,0,1,2,2,2,1,2,99,1,2,1,0,2,1,1,0,1,99,1,0,0,0,0,0,88,1,1,0
Bonilla_Steendam_Speelman_Buyse,2018,,29,,,,,,,0.39,0.25,0.13,0.13,,T,,,2,F,2,1,4,2,0,1,2,2,2,1,2,99,1,2,1,0,2,1,1,0,1,99,1,0,0,0,0,0,88,1,1,0
Bonilla_Steendam_Speelman_Buyse,2018,,28,,,,,,,0.33,0.24,0.21,0.2,,T,,,1,F,2,1,0,2,0,1,2,2,2,1,2,99,1,2,1,0,2,1,1,0,1,99,1,0,0,0,0,2,1,1,1,0
Bonilla_Steendam_Speelman_Buyse,2018,,28,,,,,,,0.33,0.24,0.22,0.14,,T,,,2,F,2,1,4,2,0,1,2,2,2,1,2,99,1,2,1,0,2,1,1,0,1,99,1,0,0,0,0,2,1,1,1,0
Bonilla_Steendam_Speelman_Buyse,2018,,27,,,,,,,0.31,0.26,0.36,0.21,,T,,,1,T,2,1,0,0,88,1,2,2,2,1,2,99,1,2,1,0,2,1,1,0,1,99,1,0,0,88,88,88,88,1,1,0
Bonilla_Steendam_Speelman_Buyse,2018,,27,,,,,,,0.31,0.26,0.39,0.2,,T,,,2,T,2,1,4,0,88,1,2,2,2,1,2,99,1,2,1,0,2,1,1,0,1,99,1,0,0,88,88,88,88,1,1,0
,,,,,,,,,,,,,,,,,,,,,,,,,,,,,,,,,,,,,,,,,,,,,,,,,,,
Brown,2017,,41,,,,,,,21.83,14.44,13.46,10.87,,T,,,1,F,1,1,1,5,0,2,2,2,2,1,2,1,0,1,1,0,2,0,1,0,3,0,1,0,1,10,1,0,88,1,1,0
Brown,2017,,41,,,,,,,21.83,14.44,21.49,14.41,,T,,,2,F,1,1,2,5,0,2,2,2,2,1,2,1,0,1,1,0,2,0,1,0,3,0,1,0,1,10,1,0,88,1,1,0
Brown,2017,,41,,,,,,,15.13,8.76,13.64,8.58,,T,,,1,F,1,2,1,5,0,2,2,2,2,1,2,1,0,1,1,0,2,0,1,0,3,0,1,0,1,1,1,0,88,1,1,0
Brown,2017,,41,,,,,,,15.13,8.76,14.74,11.14,,T,,,2,F,1,2,2,5,0,2,2,2,2,1,2,1,0,1,1,0,2,0,1,0,3,0,1,0,1,1,1,0,88,1,1,0
Brown,2017,,41,,,,,,,6.2,6.35,6.35,4.3,,T,,,1,F,1,3,1,5,0,2,2,2,2,1,2,1,0,1,1,0,2,0,1,0,3,0,1,0,1,10,1,0,88,1,1,0
Brown,2017,,41,,,,,,,6.2,6.35,7.76,6.09,,T,,,2,F,1,3,2,5,0,2,2,2,2,1,2,1,0,1,1,0,2,0,1,0,3,0,1,0,1,10,1,0,88,1,1,0
Brown,2017,,41,,,,,,,6.4,4.38,4.95,5.31,,T,,,1,F,1,4,1,5,0,2,2,2,2,1,2,1,0,1,1,0,2,0,1,0,3,0,1,0,1,9,1,0,88,1,1,0
Brown,2017,,41,,,,,,,6.4,4.38,4.71,4.57,,T,,,2,F,1,4,2,5,0,2,2,2,2,1,2,1,0,1,1,0,2,0,1,0,3,0,1,0,1,9,1,0,88,1,1,0
Brown,2017,,44,,,,,,,22,14.29,13.43,9.56,,T,,,1,F,1,1,1,5,0,2,2,2,2,1,2,1,0,1,1,0,2,0,1,0,3,0,1,0,1,10,1,2,1,1,1,0
Brown,2017,,44,,,,,,,22,14.29,20.98,15.95,,T,,,2,F,1,1,2,5,0,2,2,2,2,1,2,1,0,1,1,0,2,0,1,0,3,0,1,0,1,10,1,2,1,1,1,0
Brown,2017,,44,,,,,,,13.67,8.18,16.95,11.03,,T,,,1,F,1,2,1,5,0,2,2,2,2,1,2,1,0,1,1,0,2,0,1,0,3,0,1,0,1,1,1,2,1,1,1,0
Brown,2017,,44,,,,,,,13.67,8.18,11.65,7.45,,T,,,2,F,1,2,2,5,0,2,2,2,2,1,2,1,0,1,1,0,2,0,1,0,3,0,1,0,1,1,1,2,1,1,1,0
Brown,2017,,44,,,,,,,6.5,4.63,7.19,6.01,,T,,,1,F,1,3,1,5,0,2,2,2,2,1,2,1,0,1,1,0,2,0,1,0,3,0,1,0,1,10,1,2,1,1,1,0
Brown,2017,,44,,,,,,,6.5,4.63,4.15,3.88,,T,,,2,F,1,3,2,5,0,2,2,2,2,1,2,1,0,1,1,0,2,0,1,0,3,0,1,0,1,10,1,2,1,1,1,0
Brown,2017,,44,,,,,,,4.68,3.74,4.48,4.19,,T,,,1,F,1,4,1,5,0,2,2,2,2,1,2,1,0,1,1,0,2,0,1,0,3,0,1,0,1,9,1,2,1,1,1,0
Brown,2017,,44,,,,,,,4.68,3.74,3.78,5.43,,T,,,2,F,1,4,2,5,0,2,2,2,2,1,2,1,0,1,1,0,2,0,1,0,3,0,1,0,1,9,1,2,1,1,1,0
Brown,2017,,42,,,,,,,20.3,14.62,18.58,11.55,,T,,,1,T,1,1,1,5,0,2,2,2,2,1,2,1,0,1,1,0,2,0,1,0,3,0,1,0,1,10,1,88,88,1,1,0
Brown,2017,,42,,,,,,,20.3,14.62,22.62,14.23,,T,,,2,T,1,1,2,5,0,2,2,2,2,1,2,1,0,1,1,0,2,0,1,0,3,0,1,0,1,10,1,88,88,1,1,0
Brown,2017,,42,,,,,,,17.62,11.93,19.94,10.23,,T,,,1,T,1,2,1,5,0,2,2,2,2,1,2,1,0,1,1,0,2,0,1,0,3,0,1,0,1,1,1,88,88,1,1,0
Brown,2017,,42,,,,,,,17.62,11.93,17.46,10.08,,T,,,2,T,1,2,2,5,0,2,2,2,2,1,2,1,0,1,1,0,2,0,1,0,3,0,1,0,1,1,1,88,88,1,1,0
Brown,2017,,42,,,,,,,5.58,4.76,7.85,6.53,,T,,,1,T,1,3,1,5,0,2,2,2,2,1,2,1,0,1,1,0,2,0,1,0,3,0,1,0,1,10,1,88,88,1,1,0
Brown,2017,,42,,,,,,,5.58,4.76,5.87,4.92,,T,,,2,T,1,3,2,5,0,2,2,2,2,1,2,1,0,1,1,0,2,0,1,0,3,0,1,0,1,10,1,88,88,1,1,0
Brown,2017,,42,,,,,,,6.37,7.05,5.62,4.75,,T,,,1,T,1,4,1,5,0,2,2,2,2,1,2,1,0,1,1,0,2,0,1,0,3,0,1,0,1,9,1,88,88,1,1,0
Brown,2017,,42,,,,,,,6.37,7.05,4.45,4.39,,T,,,2,T,1,4,2,5,0,2,2,2,2,1,2,1,0,1,1,0,2,0,1,0,3,0,1,0,1,9,1,88,88,1,1,0
,,,,,,,,,,,,,,,,,,,,,,,,,,,,,,,,,,,,,,,,,,,,,,,,,,,
Diab,2015,,20,,,,,,,0.31,0.39,0.02,0.06,,T,,,1,F,2,1,0,3,0,1,2,2,2,1,99,1,99,99,99,0,2,0,1,0,99,1,0,0,99,8,2,8,1,0,1,0
Diab,2015,,20,,,,,,,0.31,0.39,0.05,0.08,,T,,,2,F,2,1,9,3,0,1,2,2,2,1,99,1,99,99,99,0,2,0,1,0,99,1,0,0,99,8,2,8,1,0,1,0
Diab,2015,,20,,,,,,,3.54,1.21,1.38,0.89,,T,,,1,F,2,2,0,3,0,1,2,2,2,1,99,1,99,99,99,0,2,0,1,0,99,1,0,0,99,6,2,8,1,0,1,0
Diab,2015,,20,,,,,,,3.54,1.21,1.38,0.55,,T,,,2,F,2,2,9,3,0,1,2,2,2,1,99,1,99,99,99,0,2,0,1,0,99,1,0,0,99,6,2,8,1,0,1,0
Diab,2015,,19,,,,,,,0.16,0.27,0.12,0.19,,T,,,1,F,2,1,0,3,0,1,2,2,2,1,99,1,99,99,99,0,2,0,1,0,99,1,0,0,99,8,2,3,1,0,1,0
Diab,2015,,19,,,,,,,0.16,0.27,0.03,0.06,,T,,,2,F,2,1,9,3,0,1,2,2,2,1,99,1,99,99,99,0,2,0,1,0,99,1,0,0,99,8,2,3,1,0,1,0
Diab,2015,,19,,,,,,,2.85,1.99,1.22,0.43,,T,,,1,F,2,2,0,3,0,1,2,2,2,1,99,1,99,99,99,0,2,0,1,0,99,1,0,0,99,6,2,3,1,0,1,0
Diab,2015,,19,,,,,,,2.85,1.99,1.94,1.12,,T,,,2,F,2,2,9,3,0,1,2,2,2,1,99,1,99,99,99,0,2,0,1,0,99,1,0,0,99,6,2,3,1,0,1,0
Diab,2015,,18,,,,,,,0.23,0.39,0.07,0.12,,T,,,1,T,2,1,0,0,88,1,2,2,2,1,99,1,99,99,99,0,2,0,1,0,99,1,0,0,99,88,88,88,88,0,1,0
Diab,2015,,18,,,,,,,0.23,0.39,0.06,0.09,,T,,,2,T,2,1,9,0,88,1,2,2,2,1,99,1,99,99,99,0,2,0,1,0,99,1,0,0,99,88,88,88,88,0,1,0
Diab,2015,,18,,,,,,,3.08,1.57,1.53,0.64,,T,,,1,T,2,2,0,0,88,1,2,2,2,1,99,1,99,99,99,0,2,0,1,0,99,1,0,0,99,88,88,88,88,0,1,0
Diab,2015,,18,,,,,,,3.08,1.57,1.93,0.61,,T,,,2,T,2,2,9,0,88,1,2,2,2,1,99,1,99,99,99,0,2,0,1,0,99,1,0,0,99,88,88,88,88,0,1,0
Diab,2016,,21,,,,,,,0.21,0.28,0.22,0.44,,T,,,1,F,2,1,0,1,0,1,2,2,2,1,99,1,99,99,1,0,77,1,1,0,99,1,0,0,99,8,2,3,88,2,99,0
Diab,2016,,21,,,,,,,0.21,0.28,0.08,0.11,,T,,,2,F,2,1,8,1,0,1,2,2,2,1,99,1,99,99,1,0,77,1,1,0,99,1,0,0,99,8,2,3,88,2,99,0
Diab,2016,,21,,,,,,,1.61,1.5,0.87,0.82,,T,,,1,F,2,2,0,1,0,1,2,2,2,1,99,1,99,99,1,0,77,1,1,0,99,1,0,0,99,6,2,3,88,2,99,0
Diab,2016,,21,,,,,,,1.61,1.5,1.97,1.04,,T,,,2,F,2,2,8,1,0,1,2,2,2,1,99,1,99,99,1,0,77,1,1,0,99,1,0,0,99,6,2,3,88,2,99,0
Diab,2016,,16,,,,,,,0.12,0.25,0.15,9.24,,T,,,1,T,2,1,0,0,88,1,2,2,2,1,99,1,99,99,1,0,77,1,1,0,99,1,0,0,99,88,88,88,88,2,99,0
Diab,2016,,16,,,,,,,0.12,0.25,0.08,0.11,,T,,,2,T,2,1,8,0,88,1,2,2,2,1,99,1,99,99,1,0,77,1,1,0,99,1,0,0,99,88,88,88,88,2,99,0
Diab,2016,,16,,,,,,,1.13,0.92,0.62,0.43,,T,,,1,T,2,2,0,0,88,1,2,2,2,1,99,1,99,99,1,0,77,1,1,0,99,1,0,0,99,88,88,88,88,2,99,0
Diab,2016,,16,,,,,,,1.13,0.92,0.84,0.55,,T,,,2,T,2,2,8,0,88,1,2,2,2,1,99,1,99,99,1,0,77,1,1,0,99,1,0,0,99,88,88,88,88,2,99,0
,,,,,,,,,,,,,,,,,,,,,,,,,,,,,,,,,,,,,,,,,,,,,,,,,,,
Dlaska_Krekeler,2013,,73,,,,,,,81.6,10.8,83.1,11.1,,,,,1,F,0,1,1,2,0,0,2,2,2,1,99,1,1,1,0,0,99,0,1,0,99,0,0,2,99,0,1,1,88,0,1,0
Dlaska_Krekeler,2013,,66,,,,,,,85.7,13.7,88.8,10.5,,,,,1,F,0,2,1,2,0,0,2,2,2,1,99,1,1,1,0,0,99,0,1,0,99,0,0,2,99,0,1,1,88,0,1,0
Dlaska_Krekeler,2013,,72,,,,,,,81.4,10.9,85,8.1,,,,,1,F,0,1,1,2,0,0,2,2,2,1,99,1,1,1,0,0,99,0,1,0,99,0,1,2,99,0,1,1,88,0,1,0
Dlaska_Krekeler,2013,,61,,,,,,,90.4,8.2,91.2,7.6,,,,,1,F,0,2,1,2,0,0,2,2,2,1,99,1,1,1,0,0,99,0,1,0,99,0,1,2,99,0,1,1,88,0,1,0
Dlaska_Krekeler,2013,,80,,,,,,,80.5,11.2,80.8,10.7,,,,,1,T,0,1,1,0,88,0,2,2,2,1,99,1,1,1,0,0,99,0,1,0,99,0,1,2,99,88,88,88,88,0,1,88
Dlaska_Krekeler,2013,,74,,,,,,,90.3,6.6,89.6,6.3,,,,,1,T,0,2,1,0,88,0,2,2,2,1,99,1,1,1,0,0,99,0,1,0,99,0,1,2,99,88,88,88,88,0,1,88
,,,,,,,,,,,,,,,,,,,,,,,,,,,,,,,,,,,,,,,,,,,,,,,,,,,
Ekiert_diGennaro,2019,,22,,,,,,,0.457,0.22,0.62,0.21,,T,,,1,F,1,1,0,3,1,1,1,2,2,1,99,0,1,99,1,0,5,0,0,0,99,0,99,1,99,1,2,0,88,99,2,0
Ekiert_diGennaro,2019,,22,,,,,,,0.457,0.22,0.601,0.18,,T,,,2,F,1,1,6,3,1,1,1,2,2,1,99,0,1,99,1,0,5,0,0,0,99,0,99,1,99,1,2,0,88,99,2,0
Ekiert_diGennaro,2019,,23,,,,,,,0.484,0.17,0.533,0.23,,T,,,1,F,1,1,0,3,1,1,1,2,2,1,99,0,1,99,1,0,5,0,0,0,99,0,99,1,99,1,2,8,88,99,2,0
Ekiert_diGennaro,2019,,23,,,,,,,0.484,0.17,0.57,0.24,,T,,,2,F,1,1,6,3,1,1,1,2,2,1,99,0,1,99,1,0,5,0,0,0,99,0,99,1,99,1,2,8,88,99,2,0
Ekiert_diGennaro,2019,,18,,,,,,,0.497,0.22,0.65,0.18,,T,,,1,T,1,1,0,0,88,1,1,2,2,1,99,0,1,99,1,0,5,0,0,0,99,0,99,1,99,88,88,88,88,99,2,0
Ekiert_diGennaro,2019,,18,,,,,,,0.497,0.22,0.637,0.23,,T,,,2,T,1,1,6,0,88,1,1,2,2,1,99,0,1,99,1,0,5,0,0,0,99,0,99,1,99,88,88,88,88,99,2,0
,,,,,,,,,,,,,,,,,,,,,,,,,,,,,,,,,,,,,,,,,,,,,,,,,,,
Ellis_Sheen_Murakami_Takashima,2008,,11,,,,,,,0.734,0.076,0.822,0.15,,,,,1,F,1,1,0,3,1,1,2,2,2,1,99,0,99,1,0,0,5,1,0,0,99,0,0,1,99,1,2,0,88,2,2,0
Ellis_Sheen_Murakami_Takashima,2008,,11,,,,,,,0.734,0.076,0.899,0.076,,,,,2,F,1,1,4,3,1,1,2,2,2,1,99,0,99,1,0,0,5,1,0,0,99,0,0,1,99,1,2,0,88,2,2,0
Ellis_Sheen_Murakami_Takashima,2008,,13,,,,,,,0.623,0.153,0.829,0.155,,,,,1,F,1,1,0,3,1,1,2,2,2,1,99,0,99,1,0,0,5,1,0,0,99,0,0,1,99,1,0,0,88,2,2,0
Ellis_Sheen_Murakami_Takashima,2008,,13,,,,,,,0.623,0.153,0.832,0.14,,,,,2,F,1,1,4,3,1,1,2,2,2,1,99,0,99,1,0,0,5,1,0,0,99,0,0,1,99,1,0,0,88,2,2,0
Ellis_Sheen_Murakami_Takashima,2008,,11,,,,,,,0.588,0.238,0.74,0.218,,,,,1,T,1,1,0,0,88,1,2,2,2,1,99,0,99,1,0,0,5,1,0,0,99,0,0,1,99,88,88,88,88,2,2,0
Ellis_Sheen_Murakami_Takashima,2008,,11,,,,,,,0.588,0.238,0.663,0.187,,,,,2,T,1,1,4,0,88,1,2,2,2,1,99,0,99,1,0,0,5,1,0,0,99,0,0,1,99,88,88,88,88,2,2,0
Evans_Hartshorn_StrongKrause,2011,,16,,,,,,,0.471,0.112,0.578,0.109,,,,,1,F,1,1,1,35,0,1,1,2,2,2,99,99,99,0,1,0,2,0,1,0,1,1,88,3,99,0,0,2,1,0,1,0
Evans_Hartshorn_StrongKrause,2011,,14,,,,,,,0.514,0.126,0.503,0.194,,,,,1,T,1,1,1,35,88,1,1,2,2,2,99,99,99,0,1,0,2,0,1,0,1,1,88,3,99,88,88,88,88,0,1,0
,,,,,,,,,,,,,,,,,,,,,,,,,,,,,,,,,,,,,,,,,,,,,,,,,,,
Fazio,2001,,16,,,,,,,0.101,0.047,0.13,0.123,,T,,,1,F,1,1,1,99,1,1,1,0,0,77,99,99,1,99,0,0,4,0,0,0,4,99,99,1,99,0,1,0,88,1,2,0
Fazio,2001,,15,,,,,,,0.098,0.064,0.155,0.098,,T,,,1,F,1,1,1,99,1,1,1,0,0,77,99,99,1,99,0,0,4,0,0,0,4,99,99,1,99,0,1,1,88,1,2,0
Fazio,2001,,15,,,,,,,0.086,0.074,0.095,0.06,,T,,,1,T,1,1,1,0,88,1,1,0,0,77,99,99,1,99,0,0,4,0,0,0,4,99,99,1,99,88,88,88,88,1,2,0
,,,,,,,,,,,,,,,,,,,,,,,,,,,,,,,,,,,,,,,,,,,,,,,,,,,
Frear_Chiu,2016,,12,,,,,,,72.38,13.72,86.32,12.05,,,,,1,F,0,1,0,1,88,1,2,2,2,99,99,1,0,99,1,0,5,1,0,0,99,99,0,14,0,2,2,1,88,1,0,0
Frear_Chiu,2016,,12,,,,,,,72.38,13.72,84.4,10.09,,,,,2,F,0,1,2,1,88,1,2,2,2,99,99,1,0,99,1,0,5,1,0,0,99,99,0,14,0,2,2,1,88,1,0,0
Frear_Chiu,2016,,14,,,,,,,69.84,16.66,87.37,11.67,,,,,1,F,0,1,0,1,88,1,2,2,2,99,99,1,0,99,1,0,5,1,0,0,99,99,0,14,0,2,2,1,88,1,0,0
Frear_Chiu,2016,,14,,,,,,,69.84,16.66,83.55,13.18,,,,,2,F,0,1,2,1,88,1,2,2,2,99,99,1,0,99,1,0,5,1,0,0,99,99,0,14,0,2,2,1,88,1,0,0
Frear_Chiu,2016,,16,,,,,,,64.1,20.2,65.86,31.09,,,,,1,T,0,1,0,0,88,1,2,2,2,99,99,1,0,99,1,0,5,1,0,0,99,99,0,14,0,88,88,88,88,1,0,0
Frear_Chiu,2016,,16,,,,,,,64.1,20.2,62.94,29.32,,,,,2,T,0,1,2,0,88,1,2,2,2,99,99,1,0,99,1,0,5,1,0,0,99,99,0,14,0,88,88,88,88,1,0,0
,,,,,,,,,,,,,,,,,,,,,,,,,,,,,,,,,,,,,,,,,,,,,,,,,,,
Guo,2015,,25,,,,,,,57.82,18.14,67.79,17.52,,,,,1,F,1,1,0,1,0,2,2,2,2,1,99,1,1,1,0,0,5,0,1,0,1,0,0,1,0,0,1,1,88,0,0,0
Guo,2015,,25,,,,,,,57.82,18.14,65.11,17.74,,,,,2,F,1,1,4,1,0,2,2,2,2,1,99,1,1,1,0,0,5,0,1,0,1,0,0,1,0,0,,1,88,0,0,0
Guo,2015,,25,,,,,,,57.82,18.14,72.62,13.72,,,,,3,F,1,1,12,1,0,2,2,2,2,1,99,1,1,1,0,0,5,0,1,0,1,0,0,1,0,0,1,1,88,0,0,0
Guo,2015,,24,,,,,,,60.41,16.44,72.96,14.12,,,,,1,F,1,1,0,1,0,2,2,2,2,1,99,1,1,1,0,0,5,0,1,0,1,0,0,1,0,0,1,2,1,0,0,0
Guo,2015,,24,,,,,,,60.41,16.44,69.51,15.3,,,,,2,F,1,1,4,1,0,2,2,2,2,1,99,1,1,1,0,0,5,0,1,0,1,0,0,1,0,0,1,2,1,0,0,0
Guo,2015,,24,,,,,,,60.41,16.44,64.49,19.08,,,,,3,F,1,1,12,1,0,2,2,2,2,1,99,1,1,1,0,0,5,0,1,0,1,0,0,1,0,0,1,2,1,0,0,0
Guo,2015,,24,,,,,,,59.26,18.27,75.4,17.96,,,,,1,F,1,1,0,1,0,2,2,2,2,1,99,1,1,1,0,0,5,0,1,0,1,0,0,1,0,0,1,3,88,0,0,0
Guo,2015,,24,,,,,,,59.26,18.27,66.43,18.5,,,,,2,F,1,1,4,1,0,2,2,2,2,1,99,1,1,1,0,0,5,0,1,0,1,0,0,1,0,0,1,3,88,0,0,0
Guo,2015,,24,,,,,,,59.26,18.27,72.87,13.94,,,,,3,F,1,1,12,1,0,2,2,2,2,1,99,1,1,1,0,0,5,0,1,0,1,0,0,1,0,0,1,3,88,0,0,0
Guo,2015,,24,,,,,,,56.54,17.59,75.08,13.37,,,,,1,F,1,1,0,1,0,2,2,2,2,1,99,1,1,1,0,0,5,0,1,0,1,0,0,1,0,0,1,0,88,0,0,0
Guo,2015,,24,,,,,,,56.54,17.59,72.18,16.2,,,,,2,F,1,1,4,1,0,2,2,2,2,1,99,1,1,1,0,0,5,0,1,0,1,0,0,1,0,0,1,0,88,0,0,0
Guo,2015,,24,,,,,,,56.54,17.59,68.99,20.02,,,,,3,F,1,1,12,1,0,2,2,2,2,1,99,1,1,1,0,0,5,0,1,0,1,0,0,1,0,0,1,0,88,0,0,0
Guo,2015,,23,,,,,,,62.12,19.68,77.1,14.02,,,,,1,F,1,1,0,1,0,2,2,2,2,1,99,1,1,1,0,0,5,0,1,0,1,0,0,1,0,0,1,8,88,0,0,0
Guo,2015,,23,,,,,,,62.12,19.68,71.74,15.75,,,,,2,F,1,1,4,1,0,2,2,2,2,1,99,1,1,1,0,0,5,0,1,0,1,0,0,1,0,0,1,8,88,0,0,0
Guo,2015,,23,,,,,,,62.12,19.68,75.4,14.73,,,,,3,F,1,1,12,1,0,2,2,2,2,1,99,1,1,1,0,0,5,0,1,0,1,0,0,1,0,0,1,8,88,0,0,0
Guo,2015,,27,,,,,,,68.8,14.66,69.81,14.63,,,,,2,T,1,1,0,0,88,2,2,2,2,1,99,1,1,1,0,0,5,0,1,0,1,0,0,1,0,88,88,88,88,0,0,0
Guo,2015,,27,,,,,,,68.8,14.66,68.37,16.48,,,,,1,T,1,1,4,0,88,2,2,2,2,1,99,1,1,1,0,0,5,0,1,0,1,0,0,1,0,88,88,88,88,0,0,0
Guo,2015,,27,,,,,,,68.8,14.66,69.3,20.15,,,,,3,T,1,1,12,0,88,2,2,2,2,1,99,1,1,1,0,0,5,0,1,0,1,0,0,1,0,88,88,88,88,0,0,0
,,,,,,,,,,,,,,,,,,,,,,,,,,,,,,,,,,,,,,,,,,,,,,,,,,,
Hartshorn,2008,,28,,,,,,,79.66,16.05,84.81,15.28,,,,,1,F,1,1,1,99,0,2,1,2,2,3,99,99,0,0,1,0,2,0,0,1,1,1,0,3,1,1,0,2,1,0,1,0
Hartshorn,2008,,28,,,,,,,71.68,16.79,79.31,15.17,,,,,1,F,1,2,1,99,0,2,1,2,2,3,99,99,0,0,1,0,2,0,0,1,1,1,0,3,1,1,0,2,1,0,1,0
Hartshorn,2008,,28,,,,,,,95.8,5.17,97.86,3.05,,,,,1,F,1,3,1,99,0,2,1,2,2,3,99,99,0,0,1,0,2,0,0,1,1,1,0,3,1,10,0,2,1,0,1,0
Hartshorn,2008,,28,,,,,,,93.63,6.9,93.31,8.23,,,,,1,F,1,4,1,99,0,2,1,2,2,3,99,99,0,0,1,0,2,0,0,1,1,1,0,3,1,10,0,2,1,0,1,0
Hartshorn,2008,,19,,,,,,,86.62,15.05,79.44,17.14,,,,,1,T,1,1,1,0,88,2,1,2,2,3,99,99,0,0,1,0,2,0,0,1,1,1,0,3,1,1,88,88,88,0,1,0
Hartshorn,2008,,19,,,,,,,81.23,10,76.84,11.54,,,,,1,T,1,2,1,0,88,2,1,2,2,3,99,99,0,0,1,0,2,0,0,1,1,1,0,3,1,1,88,88,88,0,1,0
Hartshorn,2008,,19,,,,,,,96.07,4.58,96.47,3.52,,,,,1,T,1,3,1,0,88,2,1,2,2,3,99,99,0,0,1,0,2,0,0,1,1,1,0,3,1,10,88,88,88,0,1,0
Hartshorn,2008,,19,,,,,,,95.31,5.08,96.25,4.68,,,,,1,T,1,4,1,0,88,2,1,2,2,3,99,99,0,0,1,0,2,0,0,1,1,1,0,3,1,10,88,88,88,0,1,0
,,,,,,,,,,,,,,,,,,,,,,,,,,,,,,,,,,,,,,,,,,,,,,,,,,,
Hartshorn_Evans,2015,,15,,,,,,,0.215,0.124,0.362,0.158,,,,,1,F,0,1,1,8,0,1,1,2,2,1,99,99,0,1,1,0,2,0,1,0,99,1,0,2,99,0,0,2,1,0,1,0
Hartshorn_Evans,2015,,12,,,,,,,0.156,0.116,0.164,0.094,,,,,1,T,0,1,1,0,88,1,1,2,2,1,99,99,0,1,1,0,2,0,1,0,99,1,0,2,99,88,88,88,88,0,1,0
,,,,,,,,,,,,,,,,,,,,,,,,,,,,,,,,,,,,,,,,,,,,,,,,,,,
Jiang_Xiao,2014,,29,,,,,,,0.36,0.14,0.51,0.12,,,,,1,F,0,1,0,2,1,1,2,2,2,1,99,99,1,99,0,0,5,0,1,0,1,0,88,1,1,1,2,0,88,99,99,0
Jiang_Xiao,2014,,29,,,,,,,0.36,0.14,0.53,0.09,,,,,2,F,0,1,4,2,1,1,2,2,2,1,99,99,1,99,0,0,5,0,1,0,1,0,88,1,1,1,2,0,88,99,99,0
Jiang_Xiao,2014,,31,,,,,,,0.32,0.19,0.46,0.17,,,,,1,F,0,1,0,2,1,1,2,2,2,1,99,99,1,99,0,0,5,0,1,0,1,0,88,1,1,1,2,0,88,99,99,0
Jiang_Xiao,2014,,31,,,,,,,0.32,0.19,0.47,0.13,,,,,2,F,0,1,4,2,1,1,2,2,2,1,99,99,1,99,0,0,5,0,1,0,1,0,88,1,1,1,2,0,88,99,99,0
Jiang_Xiao,2014,,32,,,,,,,0.35,0.14,0.37,0.1,,,,,1,T,0,1,0,0,88,1,2,2,2,1,99,99,1,99,0,0,5,0,1,0,1,0,88,1,1,88,88,88,88,99,99,0
Jiang_Xiao,2014,,32,,,,,,,0.35,0.14,0.37,0.1,,,,,2,T,0,1,4,0,88,1,2,2,2,1,99,99,1,99,0,0,5,0,1,0,1,0,88,1,1,88,88,88,88,99,99,0
,,,,,,,,,,,,,,,,,,,,,,,,,,,,,,,,,,,,,,,,,,,,,,,,,,,
Karim_Endley,2019,,24,,,,,,,32.75,20.68,24.95,16,,,,,1,F,0,1,1,2,0,0,2,2,2,1,99,99,1,0,1,1,5,0,1,0,1,99,99,1,99,2,2,0,88,99,1,0
Karim_Endley,2019,,24,,,,,,,32.75,20.68,11.5,11.72,,,,,2,F,0,1,3,2,0,0,2,2,2,1,99,99,1,0,1,1,5,0,1,0,1,99,99,1,99,2,2,0,88,99,1,0
Karim_Endley,2019,,24,,,,,,,32.75,20.68,16.2,14.33,,,,,3,F,0,1,4,2,0,0,2,2,2,1,99,99,1,0,1,1,5,0,1,0,1,99,99,1,99,2,2,0,88,99,1,0
Karim_Endley,2019,,23,,,,,,,40.95,18.75,18.52,13.18,,,,,1,F,0,1,1,2,0,0,2,2,2,1,99,99,1,0,1,1,5,0,1,0,1,99,99,1,99,2,2,1,88,99,1,0
Karim_Endley,2019,,23,,,,,,,40.95,18.75,8.65,9.69,,,,,2,F,0,1,3,2,0,0,2,2,2,1,99,99,1,0,1,1,5,0,1,0,1,99,99,1,99,2,2,1,88,99,1,0
Karim_Endley,2019,,23,,,,,,,40.95,18.75,11.78,20.63,,,,,3,F,0,1,4,2,0,0,2,2,2,1,99,99,1,0,1,1,5,0,1,0,1,99,99,1,99,2,2,1,88,99,1,0
Karim_Endley,2019,,18,,,,,,,28.22,19.41,35.5,23.73,,,,,1,F,0,1,1,2,0,0,2,2,2,1,99,99,1,0,1,1,5,0,1,0,1,99,99,1,99,2,2,3,88,99,1,0
Karim_Endley,2019,,18,,,,,,,28.22,19.41,19.88,13.49,,,,,2,F,0,1,3,2,0,0,2,2,2,1,99,99,1,0,1,1,5,0,1,0,1,99,99,1,99,2,2,3,88,99,1,0
Karim_Endley,2019,,18,,,,,,,28.22,19.41,30.33,18.86,,,,,3,F,0,1,4,2,0,0,2,2,2,1,99,99,1,0,1,1,5,0,1,0,1,99,99,1,99,2,2,3,88,99,1,0
Karim_Endley,2019,,21,,,,,,,24.52,20.82,24.61,18.79,,,,,1,T,0,1,1,2,88,0,2,2,2,1,99,99,1,0,1,1,5,0,1,0,1,99,99,1,99,88,88,88,88,99,1,0
Karim_Endley,2019,,21,,,,,,,24.52,20.82,21.23,18.07,,,,,2,T,0,1,3,2,88,0,2,2,2,1,99,99,1,0,1,1,5,0,1,0,1,99,99,1,99,88,88,88,88,99,1,0
Karim_Endley,2019,,21,,,,,,,24.52,20.82,21.52,17.93,,,,,3,T,0,1,4,2,88,0,2,2,2,1,99,99,1,0,1,1,5,0,1,0,1,99,99,1,99,88,88,88,88,99,1,0
,,,,,,,,,,,,,,,,,,,,,,,,,,,,,,,,,,,,,,,,,,,,,,,,,,,
Karim_Nassaji,2018,,14,,,,0.908,4.12,,,,,,,T,T,,1,F,0,1,2,3,0,1,1,2,2,1,99,1,1,1,1,1,5,0,1,1,1,99,1,0,99,0,0,0,88,2,1,0
Karim_Nassaji,2018,,13,,,,3.48,6.63,,,,,,,T,T,,1,F,0,1,2,3,0,1,1,2,2,1,99,1,1,1,1,1,5,0,1,1,1,99,1,0,99,0,0,1,88,2,1,0
Karim_Nassaji,2018,,14,,,,7.49,6.53,,,,,,,T,T,,1,F,0,1,2,3,0,1,1,2,2,1,99,1,1,1,1,1,5,0,1,1,1,99,1,0,99,0,0,2,88,2,1,0
Karim_Nassaji,2018,,12,,,,2.83,7.14,,,,,,,T,T,,1,T,0,1,2,0,88,1,1,2,2,1,99,1,1,1,1,1,5,0,1,1,1,99,1,0,99,88,88,88,88,2,1,0
,,,,,,,,,,,,,,,,,,,,,,,,,,,,,,,,,,,,,,,,,,,,,,,,,,,
Kassim_Ng,2014,,30,,,,,,,71.04,9.63,77.8,9.55,,,,,1,F,0,1,0,2,99,1,2,2,2,1,99,1,99,99,1,0,5,0,1,1,2,0,0,11,99,2,2,1,88,99,99,0
Kassim_Ng,2014,,30,,,,,,,71.04,9.63,78.27,9.28,,,,,2,F,0,1,6,2,99,1,2,2,2,1,99,1,99,99,1,0,5,0,1,1,2,0,0,11,99,2,2,1,88,99,99,0
Kassim_Ng,2014,,30,,,,,,,72.17,9.43,81.77,7.09,,,,,1,F,0,1,0,2,99,1,2,2,2,1,99,1,99,99,1,0,5,0,1,1,2,0,0,11,99,2,2,1,88,99,99,0
Kassim_Ng,2014,,30,,,,,,,72.17,9.43,81.3,6.81,,,,,2,F,0,1,6,2,99,1,2,2,2,1,99,1,99,99,1,0,5,0,1,1,2,0,0,11,99,2,2,1,88,99,99,0
Kassim_Ng,2014,,30,,,,,,,71.13,9.99,70.37,8.19,,,,,1,T,0,1,0,0,88,1,2,2,2,1,99,1,99,99,1,0,5,0,1,1,2,0,0,11,99,88,88,88,88,99,99,0
Kassim_Ng,2014,,30,,,,,,,71.13,9.99,70.2,8.21,,,,,2,T,0,1,6,0,88,1,2,2,2,1,99,1,99,99,1,0,5,0,1,1,2,0,0,11,99,88,88,88,88,99,99,0
,,,,,,,,,,,,,,,,,,,,,,,,,,,,,,,,,,,,,,,,,,,,,,,,,,,
Mubarak,2013,,17,,-4.366,,,,,0.395,0.28,0.62,0.237,,,T,,1,F,0,1,0,12,1,2,2,2,2,,0,1,1,1,1,0,77,1,1,0,1,99,0,1,99,0,0,0,88,2,1,0
Mubarak,2013,,17,,,,,,,0.395,0.28,0.52,0.205,,,,,2,F,0,1,40,12,1,2,2,2,2,,0,1,1,1,1,0,77,1,1,0,1,99,0,1,99,0,0,0,88,2,1,0
Mubarak,2013,,17,,6.015,,,,,0.1,0.046,0.055,0.023,,T,T,,1,F,0,2,0,12,1,2,2,2,2,,0,1,1,1,1,0,77,1,1,0,1,99,0,1,99,0,0,0,88,2,1,0
Mubarak,2013,,17,,,,,,,0.1,0.046,0.062,0.027,,,,,2,F,0,2,40,12,1,2,2,2,2,,0,1,1,1,1,0,77,1,1,0,1,99,0,1,99,0,0,0,88,2,1,0
Mubarak,2013,,17,,-5.245,,,,,53.7,24.26,76.05,19.04,,,T,,1,F,0,3,0,12,1,2,2,2,2,,0,1,1,1,1,0,77,1,1,0,1,99,0,1,99,0,0,0,88,2,1,0
Mubarak,2013,,17,,,,,,,53.7,24.26,67.17,20.1,,,,,2,F,0,3,40,12,1,2,2,2,2,,0,1,1,1,1,0,77,1,1,0,1,99,0,1,99,0,0,0,88,2,1,0
Mubarak,2013,,17,,-2.055,,,,,57.11,23.89,71.76,25.8,,,T,,1,F,0,4,0,12,1,2,2,2,2,,0,1,1,1,1,0,77,1,1,0,1,99,0,1,99,0,0,0,88,2,1,0
Mubarak,2013,,17,,,,,,,57.11,23.89,63.76,19.25,,,,,2,F,0,4,40,12,1,2,2,2,2,,0,1,1,1,1,0,77,1,1,0,1,99,0,1,99,0,0,0,88,2,1,0
Mubarak,2013,,16,,-0.839,,,,,0.446,0.282,0.499,0.279,,,T,,1,F,0,1,0,12,1,2,2,2,2,,0,1,1,1,1,0,77,1,1,0,1,99,0,1,99,0,0,1,88,2,1,0
Mubarak,2013,,16,,,,,,,0.446,0.282,0.513,0.195,,,,,2,F,0,1,40,12,1,2,2,2,2,,0,1,1,1,1,0,77,1,1,0,1,99,0,1,99,0,0,1,88,2,1,0
Mubarak,2013,,16,,7.864,,,,,0.105,0.03,0.053,0.026,,T,T,,1,F,0,2,0,12,1,2,2,2,2,,0,1,1,1,1,0,77,1,1,0,1,99,0,1,99,0,0,1,88,2,1,0
Mubarak,2013,,16,,,,,,,0.105,0.03,0.056,0.025,,,,,2,F,0,2,40,12,1,2,2,2,2,,0,1,1,1,1,0,77,1,1,0,1,99,0,1,99,0,0,1,88,2,1,0
Mubarak,2013,,16,,-2.449,,,,,63.43,18.5,73.68,15.4,,,T,,1,F,0,3,0,12,1,2,2,2,2,,0,1,1,1,1,0,77,1,1,0,1,99,0,1,99,0,0,1,88,2,1,0
Mubarak,2013,,16,,,,,,,63.43,18.5,67.75,14.43,,,,,2,F,0,3,40,12,1,2,2,2,2,,0,1,1,1,1,0,77,1,1,0,1,99,0,1,99,0,0,1,88,2,1,0
Mubarak,2013,,16,,-4.788,,,,,55.25,12.67,75.87,18.82,,,T,,1,F,0,4,0,12,1,2,2,2,2,,0,1,1,1,1,0,77,1,1,0,1,99,0,1,99,0,0,1,88,2,1,0
Mubarak,2013,,16,,,,,,,55.25,12.67,65.62,9.84,,,,,2,F,0,4,40,12,1,2,2,2,2,,0,1,1,1,1,0,77,1,1,0,1,99,0,1,99,0,0,1,88,2,1,0
Mubarak,2013,,13,,-0.401,,,,,0.545,0.272,0.516,0.267,,,T,,1,T,0,1,0,0,88,2,2,2,2,,0,1,1,1,1,0,77,1,1,0,1,99,0,1,99,88,88,88,88,2,1,0
Mubarak,2013,,13,,,,,,,0.545,0.272,0.436,0.204,,,,,2,T,0,1,40,0,88,2,2,2,2,,0,1,1,1,1,0,77,1,1,0,1,99,0,1,99,88,88,88,88,2,1,0
Mubarak,2013,,13,,2.793,,,,,0.093,0.032,0.083,0.028,,T,T,,1,T,0,2,0,0,88,2,2,2,2,,0,1,1,1,1,0,77,1,1,0,1,99,0,1,99,88,88,88,88,2,1,0
Mubarak,2013,,13,,,,,,,0.093,0.032,0.078,0.032,,,,,2,T,0,2,40,0,88,2,2,2,2,,0,1,1,1,1,0,77,1,1,0,1,99,0,1,99,88,88,88,88,2,1,0
Mubarak,2013,,13,,-3.007,,,,,59.15,21.59,73.46,17.34,,,T,,1,T,0,3,0,0,88,2,2,2,2,,0,1,1,1,1,0,77,1,1,0,1,99,0,1,99,88,88,88,88,2,1,0
Mubarak,2013,,13,,,,,,,59.15,21.59,67.07,13.41,,,,,2,T,0,3,40,0,88,2,2,2,2,,0,1,1,1,1,0,77,1,1,0,1,99,0,1,99,88,88,88,88,2,1,0
Mubarak,2013,,13,,-2.48,,,,,48.23,21.82,64.76,21.43,,,T,,1,T,0,4,0,0,88,2,2,2,2,,0,1,1,1,1,0,77,1,1,0,1,99,0,1,99,88,88,88,88,2,1,0
Mubarak,2013,,13,,,,,,,48.23,21.82,61,14.66,,,,,2,T,0,4,40,0,88,2,2,2,2,,0,1,1,1,1,0,77,1,1,0,1,99,0,1,99,88,88,88,88,2,1,0
,,,,,,,,,,,,,,,,,,,,,,,,,,,,,,,,,,,,,,,,,,,,,,,,,,,
Munoz,2011,,25,,,,,,,13.02,7.62,9.79,7.11,,T,,,1,F,1,1,2,4,2,2,2,2,2,99,99,99,1,0,0,0,5,0,1,0,2,1,1,1,1,0,2,2,2,1,1,0
Munoz,2011,,22,,,,,,,10.75,5.33,11.51,4.94,,T,,,1,F,1,1,2,4,2,2,2,2,2,99,99,99,1,0,0,0,5,0,1,0,2,1,1,1,1,0,2,1,88,1,1,0
Munoz,2011,,15,,,,,,,10.76,5.54,10.85,6.13,,T,,,1,T,1,1,2,0,88,2,2,2,2,99,99,99,1,0,0,0,5,0,1,0,2,1,1,1,1,88,88,88,88,1,1,0
,,,,,,,,,,,,,,,,,,,,,,,,,,,,,,,,,,,,,,,,,,,,,,,,,,,
Nakazawa,2006,,15,,,,-0.011487,0.0708601,,,,,,,T,T,,1,,2,1,12,5,1,2,2,2,2,0,99,0,1,1,1,0,6,1,99,99,1,1,0,0,0,0,1,0,88,1,1,0
Nakazawa,2006,,16,,,,-0.051355,0.1973591,,,,,,,T,T,,1,,2,1,12,5,1,2,2,2,2,0,99,0,1,1,1,0,6,1,99,99,1,1,0,0,0,0,1,2,2,1,1,0
Nakazawa,2006,,17,,,,-0.045599,0.076619,,,,,,,T,T,,1,T,2,1,12,5,1,2,2,2,2,0,99,0,1,1,1,0,6,1,99,99,1,1,0,0,0,0,1,15,88,1,1,0
Nakazawa,2006,,10,,,,-0.048219,0.0569367,,,,,,,T,T,,1,T,2,1,12,5,88,2,2,2,2,0,99,0,1,1,1,0,6,1,99,99,1,1,0,0,0,88,88,88,88,1,1,0
,,,,,,,,,,,,,,,,,,,,,,,,,,,,,,,,,,,,,,,,,,,,,,,,,,,
Nemati_Alavi_Mohebbi,2019,,27,,,,,,,39.18,4.29,70.33,12.87,,,,,1,F,2,1,1,4,0,1,2,3,1,0,0,0,1,1,1,0,77,1,1,0,99,0,99,14,0,3,2,0,88,1,1,0
Nemati_Alavi_Mohebbi,2019,,27,,,,,,,39.18,4.29,57.59,12.66,,,,,2,F,2,1,4,4,0,1,2,3,1,0,0,0,1,1,1,0,77,1,1,0,99,0,99,14,0,3,2,0,88,1,1,0
Nemati_Alavi_Mohebbi,2019,,29,,,,,,,40.86,5.3,48.24,15.56,,,,,1,F,2,1,1,4,0,1,2,3,1,0,0,0,1,1,1,0,77,1,1,0,99,0,99,14,0,3,2,1,88,1,1,0
Nemati_Alavi_Mohebbi,2019,,29,,,,,,,40.86,5.3,35.48,11.76,,,,,2,F,2,1,4,4,0,1,2,3,1,0,0,0,1,1,1,0,77,1,1,0,99,0,99,14,0,3,2,1,88,1,1,0
Nemati_Alavi_Mohebbi,2019,,31,,,,,,,37.7,5.58,22.87,9.88,,,,,1,T,2,1,1,0,88,1,2,3,1,0,0,0,1,1,1,0,77,1,1,0,99,0,99,14,0,88,88,88,88,1,1,0
Nemati_Alavi_Mohebbi,2019,,31,,,,,,,37.7,5.58,16.41,7.47,,,,,2,T,2,1,4,0,88,1,2,3,1,0,0,0,1,1,1,0,77,1,1,0,99,0,99,14,0,88,88,88,88,1,1,0
,,,,,,,,,,,,,,,,,,,,,,,,,,,,,,,,,,,,,,,,,,,,,,,,,,,
Nusrat.etal.,2019,,25,,,,,,,1.92,0.7,1.96,0.73,,T,,,2,F,0,1,8,2,2,0,2,2,2,99,99,99,0,1,1,0,5,0,1,0,99,99,0,0,1,1,1,2,1,0,1,0
Nusrat et al.,2019,,25,,,,,,,1.88,0.67,2.24,0.78,,T,,,2,F,0,2,8,2,2,0,2,2,2,99,99,99,0,1,1,0,5,0,1,0,99,99,0,0,1,2,1,2,1,0,1,0
Nusrat et al.,2019,,25,,,,,,,1.56,0.77,0.8,0.5,,T,,,2,F,0,3,8,2,2,0,2,2,2,99,99,99,0,1,1,0,5,0,1,0,99,99,0,0,1,3,1,2,1,0,1,0
Nusrat et al.,2019,,25,,,,,,,2,0.5,1.92,0.57,,T,,,2,T,0,1,8,2,88,0,2,2,2,99,99,99,0,1,1,0,5,0,1,0,99,99,0,0,1,1,88,2,88,0,1,0
Nusrat et al.,2019,,25,,,,,,,1.96,0.68,2.16,0.55,,T,,,2,T,0,2,8,2,88,0,2,2,2,99,99,99,0,1,1,0,5,0,1,0,99,99,0,0,1,2,88,2,88,0,1,0
Nusrat et al.,2019,,25,,,,,,,1.36,0.57,1.64,1.04,,T,,,2,T,0,3,8,2,88,0,2,2,2,99,99,99,0,1,1,0,5,0,1,0,99,99,0,0,1,3,88,2,88,0,1,0
,,,,,,,,,,,,,,,,,,,,,,,,,,,,,,,,,,,,,,,,,,,,,,,,,,,
Pariyanto_Cahyono,2016,,13,,,,,,,7.52,0.78,8.53,0.71,,,,,1,F,1,1,0,7,1,0,2,2,2,1,99,99,1,0,1,1,2,0,1,0,2,99,99,0,0,0,0,0,88,2,1,0
Pariyanto_Cahyono,2016,,13,,,,,,,7.52,0.78,7.8,1.04,,,,,2,F,1,1,4,7,1,0,2,2,2,1,99,99,1,0,1,1,2,0,1,0,2,99,99,0,0,0,0,0,88,2,1,0
Pariyanto_Cahyono,2016,,12,,,,,,,7.61,0.99,7.79,1.17,,,,,1,T,1,1,0,7,88,0,2,2,2,1,99,99,1,0,1,1,2,0,1,0,2,99,99,0,0,88,88,88,88,2,1,0
Pariyanto_Cahyono,2016,,12,,,,,,,7.61,0.99,7.9,1.27,,,,,2,T,1,1,4,7,88,0,2,2,2,1,99,99,1,0,1,1,2,0,1,0,2,99,99,0,0,88,88,88,88,2,1,0
,,,,,,,,,,,,,,,,,,,,,,,,,,,,,,,,,,,,,,,,,,,,,,,,,,,
Parreno,2015,,18,,,,,,,2.79,2.12,1.83,1.77,,T,,,1,F,1,1,2,7,77,0,2,2,2,1,99,0,1,1,1,0,9,0,1,0,1,99,0,0,1,0,1,1,88,99,1,0
Parreno,2015,,18,,,,,,,2.07,1.6,2.01,1.98,,T,,,1,F,1,2,2,7,77,0,2,2,2,1,99,0,1,1,1,0,9,0,1,0,1,99,0,0,1,0,1,1,88,99,1,0
Parreno,2015,,18,,,,,,,1.07,0.71,1.03,0.5,,T,,,1,F,1,3,2,7,77,0,2,2,2,1,99,0,1,1,1,0,9,0,1,0,1,99,0,0,1,0,1,1,88,99,1,0
Parreno,2015,,18,,,,,,,1.36,0.6,0.91,0.62,,T,,,1,F,1,4,2,7,77,0,2,2,2,1,99,0,1,1,1,0,9,0,1,0,1,99,0,0,1,0,1,1,88,99,1,0
Parreno,2015,,13,,,,,,,3.26,1.25,3.33,1.58,,T,,,1,F,1,1,2,7,77,0,2,2,2,1,99,0,1,1,1,0,9,0,1,0,1,99,0,0,1,0,1,0,88,99,1,0
Parreno,2015,,13,,,,,,,2.1,1.66,2.01,1.98,,T,,,1,F,1,2,2,7,77,0,2,2,2,1,99,0,1,1,1,0,9,0,1,0,1,99,0,0,1,0,1,0,88,99,1,0
Parreno,2015,,13,,,,,,,1.3,0.48,1.15,0.68,,T,,,1,F,1,3,2,7,77,0,2,2,2,1,99,0,1,1,1,0,9,0,1,0,1,99,0,0,1,0,1,0,88,99,1,0
Parreno,2015,,13,,,,,,,1.4,0.39,0.94,0.61,,T,,,1,F,1,4,2,7,77,0,2,2,2,1,99,0,1,1,1,0,9,0,1,0,1,99,0,0,1,0,1,0,88,99,1,0
Parreno,2015,,20,,,,,,,3.4,2.19,1.59,1.1,,T,,,1,F,1,1,2,7,77,0,2,2,2,1,99,0,1,1,1,0,9,0,1,0,1,99,0,0,1,0,1,2,1,99,1,0
Parreno,2015,,20,,,,,,,2.15,1.11,0.52,0.36,,T,,,1,F,1,2,2,7,77,0,2,2,2,1,99,0,1,1,1,0,9,0,1,0,1,99,0,0,1,0,1,2,1,99,1,0
Parreno,2015,,20,,,,,,,1.24,0.54,0.47,0.38,,T,,,1,F,1,3,2,7,77,0,2,2,2,1,99,0,1,1,1,0,9,0,1,0,1,99,0,0,1,0,1,2,1,99,1,0
Parreno,2015,,20,,,,,,,1.22,0.43,0.51,0.6,,T,,,1,F,1,4,2,7,77,0,2,2,2,1,99,0,1,1,1,0,9,0,1,0,1,99,0,0,1,0,1,2,1,99,1,0
Parreno,2015,,17,,,,,,,2.45,1.57,2.45,1.72,,T,,,1,T,1,2,2,0,88,0,2,2,2,1,99,0,1,1,1,0,9,0,1,0,1,99,0,0,1,88,88,88,88,99,1,0
Parreno,2015,,17,,,,,,,1.18,0.91,1.65,1.01,,T,,,1,T,1,3,2,0,88,0,2,2,2,1,99,0,1,1,1,0,9,0,1,0,1,99,0,0,1,88,88,88,88,99,1,0
Parreno,2015,,17,,,,,,,1.53,0.9,1.41,0.65,,T,,,1,T,1,4,2,0,88,0,2,2,2,1,99,0,1,1,1,0,9,0,1,0,1,99,0,0,1,88,88,88,88,99,1,0
Parreno,2015,,17,,,,,,,2.72,1.11,2.49,1.51,,T,,,1,T,1,1,2,0,88,0,2,2,2,1,99,0,1,1,1,0,9,0,1,0,1,99,0,0,1,88,88,88,88,99,1,0
,,,,,,,,,,,,,,,,,,,,,,,,,,,,,,,,,,,,,,,,,,,,,,,,,,,
Pashazedeh,2017,,23,,,,,,,17.58,12.53,33.41,15.65,,,,,1,F,1,1,0,2,1,0,2,2,2,1,2,99,0,0,1,0,7,1,1,0,1,0,99,1,0,0,1,0,88,1,0,0
Pashazedeh,2017,,23,,,,,,,17.58,12.53,22.12,8.57,,,,,2,F,1,1,4,2,1,0,2,2,2,1,2,99,0,0,1,0,7,1,1,0,1,0,99,1,0,0,1,0,88,1,0,0
Pashazedeh,2017,,17,,,,,,,16.36,8.51,23.64,17.6,,,,,1,F,1,1,0,2,1,0,2,2,2,1,2,99,0,0,1,0,7,1,1,0,1,0,99,1,0,0,1,0,88,1,0,0
Pashazedeh,2017,,17,,,,,,,16.36,8.51,18.19,9.26,,,,,2,F,1,1,4,2,1,0,2,2,2,1,2,99,0,0,1,0,7,1,1,0,1,0,99,1,0,0,1,0,88,1,0,0
Pashazedeh,2017,,16,,,,,,,13.01,7.44,28.03,14.68,,,,,1,F,1,1,0,2,1,0,2,2,2,1,2,99,0,0,1,0,7,1,1,0,1,0,99,1,0,0,1,0,88,1,1,0
Pashazedeh,2017,,16,,,,,,,13.01,7.44,15.08,7.4,,,,,2,F,1,1,4,2,1,0,2,2,2,1,2,99,0,0,1,0,7,1,1,0,1,0,99,1,0,0,1,0,88,1,1,0
Pashazedeh,2017,,21,,,,,,,14.94,8.69,17.14,7.9,,,,,1,T,1,1,0,0,88,0,2,2,2,1,2,99,0,0,1,0,7,1,1,0,1,0,99,1,0,88,88,88,88,1,1,0
Pashazedeh,2017,,21,,,,,,,14.94,8.69,17.42,9.38,,,,,2,T,1,1,4,0,88,0,2,2,2,1,2,99,0,0,1,0,7,1,1,0,1,0,99,1,0,88,88,88,88,1,1,0
,,,,,,,,,,,,,,,,,,,,,,,,,,,,,,,,,,,,,,,,,,,,,,,,,,,
Polio_etal,1998,,34,,,,,,,0.263,0.14,0.311,0.132,,,,,1,F,0,1,1,14,0,1,1,2,2,99,99,1,1,0,1,0,9,0,1,0,99,1,1,3,99,0,0,99,99,99,1,0
Polio_etal,1998,,34,,,,,,,0.208,0.127,0.249,0.127,,,,,1,F,0,2,1,14,0,1,1,2,2,99,99,1,1,0,1,0,9,0,1,0,99,1,1,3,99,0,0,99,99,99,1,0
Polio_etal,1998,,31,,,,,,,0.254,0.127,0.296,0.171,,,,,1,T,0,1,1,0,88,1,1,2,2,99,99,1,1,0,1,0,9,0,1,0,99,1,1,3,99,88,88,88,99,99,1,0
Polio_etal,1998,,31,,,,,,,0.192,0.111,0.235,1.44,,,,,1,T,0,2,1,0,88,1,1,2,2,99,99,1,1,0,1,0,9,0,1,0,99,1,1,3,99,88,88,88,99,99,1,0
,,,,,,,,,,,,,,,,,,,,,,,,,,,,,,,,,,,,,,,,,,,,,,,,,,,
Rahimi,2009,,32,,,,,,,12.28,9.56,5.6,3.52,,T,,,1,F,1,1,3,3,1,1,2,2,2,1,99,99,99,1,1,0,2,0,0,0,2,99,99,0,99,0,0,2,99,1,1,0
Rahimi,2009,,27,,,,,,,13.57,9.23,8.32,5.65,,T,,,1,T,1,1,3,0,88,1,2,2,2,1,99,99,99,1,1,0,2,0,0,0,2,99,99,0,99,88,88,88,99,1,1,0
,,,,,,,,,,,,,,,,,,,,,,,,,,,,,,,,,,,,,,,,,,,,,,,,,,,
Rummel_Bitchener,2015,,10,,,,,,,85.19,9.22,94.47,8.89,,,,,1,F,0,1,1,2,1,0,2,3,2,2,99,1,0,0,0,0,6,0,1,0,2,99,99,1,99,3,2,0,99,99,2,0
Rummel_Bitchener,2015,,10,,,,,,,85.19,9.22,91.23,8.21,,,,,2,F,0,1,4,2,1,0,2,3,2,2,99,1,0,0,0,0,6,0,1,0,2,99,99,1,99,3,2,0,99,99,2,0
Rummel_Bitchener,2015,,10,,,,,,,83.31,14.24,95.77,5.12,,,,,1,F,0,1,1,2,1,0,2,3,2,2,99,1,0,0,0,0,6,0,1,0,2,99,99,1,99,3,2,2,99,99,2,0
Rummel_Bitchener,2015,,10,,,,,,,83.31,14.24,91.52,10.35,,,,,2,F,0,1,4,2,1,0,2,3,2,2,99,1,0,0,0,0,6,0,1,0,2,99,99,1,99,3,2,2,99,99,2,0
Rummel_Bitchener,2015,,11,,,,,,,84.77,9.12,96.22,6.3,,,,,1,F,0,1,1,2,1,0,2,3,2,2,99,1,0,0,0,0,6,0,1,0,2,99,99,1,99,3,2,3,99,99,2,0
Rummel_Bitchener,2015,,11,,,,,,,84.77,9.12,92.38,8.19,,,,,2,F,0,1,4,2,1,0,2,3,2,2,99,1,0,0,0,0,6,0,1,0,2,99,99,1,99,3,2,3,99,99,2,0
Rummel_Bitchener,2015,,11,,,,,,,90.49,8.94,90.73,5.62,,,,,1,T,0,1,1,0,88,0,2,3,2,2,99,1,0,0,0,0,6,0,1,0,2,99,99,1,99,88,88,88,99,99,2,0
Rummel_Bitchener,2015,,11,,,,,,,90.49,8.94,90.91,7.11,,,,,2,T,0,1,4,0,88,0,2,3,2,2,99,1,0,0,0,0,6,0,1,0,2,99,99,1,99,88,88,88,99,99,2,0
,,,,,,,,,,,,,,,,,,,,,,,,,,,,,,,,,,,,,,,,,,,,,,,,,,,
Seiffedin_ElSakka,2017,,25,,23.252,,,,,21.6,2.96,36.62,2.19,,,,,1,F,0,1,1,9,99,0,2,2,2,99,99,99,1,1,1,0,2,0,1,0,99,2,0,4,1,0,0,15,99,99,99,0
Seiffedin_ElSakka,2017,,23,,2.558,,,,,18.84,2.9935,21.24,2.5304,,,,,2,T,0,1,1,0,88,0,2,2,2,99,99,99,1,1,1,0,2,0,1,0,99,2,0,4,1,88,88,88,99,99,99,0
,,,,,,,,,,,,,,,,,,,,,,,,,,,,,,,,,,,,,,,,,,,,,,,,,,,
Sheen,2007,,31,,,,,,,53.1,19.8,66.3,21.4,,,,,1,F,0,1,0,2,1,1,1,2,2,1,99,99,99,99,1,0,6,1,1,0,0,0,0,0,99,1,2,0,88,1,0,0
Sheen,2007,,31,,,,,,,53.1,19.8,64.9,19.8,,,,,2,F,0,1,4,2,1,1,1,2,2,1,99,99,99,99,1,0,6,1,1,0,0,0,0,0,99,1,2,0,88,1,0,0
Sheen,2007,,32,,,,,,,57.6,21,73.9,19.3,,,,,1,F,0,1,0,2,1,1,1,2,2,1,99,99,99,99,1,0,6,1,1,0,0,0,0,0,99,1,2,8,88,1,0,0
Sheen,2007,,32,,,,,,,57.6,21,78.8,18.4,,,,,2,F,0,1,4,2,1,1,1,2,2,1,99,99,99,99,1,0,6,1,1,0,0,0,0,0,99,1,2,8,88,1,0,0
Sheen,2007,,28,,,,,,,57.3,21.4,63.9,24.4,,,,,1,T,0,1,0,0,88,1,1,2,2,1,99,99,99,99,1,0,6,1,1,0,0,0,0,0,99,88,88,88,88,1,0,0
Sheen,2007,,28,,,,,,,57.3,21.4,63.9,22.8,,,,,2,T,0,1,4,0,88,1,1,2,2,1,99,99,99,99,1,0,6,1,1,0,0,0,0,0,99,88,88,88,88,1,0,0
Sheen,2010,,31,,,,,,,44.1,11.9,58.3,15.3,,,,,1,F,3,1,0,1,1,1,1,2,2,1,99,99,0,99,1,0,6,0,1,0,99,0,0,1,99,1,2,0,88,0,2,0
Sheen,2010,,31,,,,,,,44.1,11.9,57.5,14.4,,,,,2,F,3,1,4,1,1,1,1,2,2,1,99,99,0,99,1,0,6,0,1,0,99,0,0,1,99,1,2,0,88,0,2,0
Sheen,2010,,32,,,,,,,49.6,16.9,65.4,16.3,,,,,1,F,3,1,0,1,1,1,1,2,2,1,99,99,0,99,1,0,6,0,1,0,99,0,0,1,99,1,2,8,88,0,2,0
Sheen,2010,,32,,,,,,,49.6,16.9,69.4,15.3,,,,,2,F,3,1,4,1,1,1,1,2,2,1,99,99,0,99,1,0,6,0,1,0,99,0,0,1,99,1,2,8,88,0,2,0
Sheen,2010,,28,,,,,,,48.3,14.2,52.1,15.6,,,,,1,T,3,1,0,1,88,1,1,2,2,1,99,99,0,99,1,0,6,0,88,88,99,88,88,1,88,88,88,88,88,0,2,0
Sheen,2010,,28,,,,,,,48.3,14.2,51.2,16.2,,,,,2,T,3,1,4,1,88,1,1,2,2,1,99,99,0,99,1,0,6,0,88,88,99,88,88,1,88,88,88,88,88,0,2,0
,,,,,,,,,,,,,,,,,,,,,,,,,,,,,,,,,,,,,,,,,,,,,,,,,,,
Sheen_etal,2009,,22,,,,,,,60.2,13.1,77.5,13.6,,,,,1,F,3,1,1,2,1,1,1,2,2,1,2,99,0,99,0,0,6,0,1,0,99,99,99,4,99,1,2,0,88,0,1,0
Sheen_etal,2009,,22,,,,,,,60.2,13.1,78,13.9,,,,,2,F,3,1,4,2,1,1,1,2,2,1,2,99,0,99,0,0,6,0,1,0,99,99,99,4,99,1,2,0,88,0,1,0
Sheen_etal,2009,,23,,,,,,,57,14.4,62.7,21.8,,,,,1,F,3,1,1,2,1,1,1,2,2,1,2,99,0,99,0,0,6,0,1,0,99,99,99,4,99,1,1,0,88,0,1,0
Sheen_etal,2009,,23,,,,,,,57,14.4,67,17.7,,,,,2,F,3,1,4,2,1,1,1,2,2,1,2,99,0,99,0,0,6,0,1,0,99,99,99,4,99,1,1,0,88,0,1,0
Sheen_etal,2009,,19,,,,,,,53,14.3,62.8,16,,,,,1,T,3,1,1,0,88,1,1,2,2,1,2,99,0,99,0,0,6,0,1,0,99,99,99,4,99,88,88,88,88,0,1,0
Sheen_etal,2009,,19,,,,,,,58.9,13.1,67.2,14.3,,,,,2,T,3,1,4,0,88,1,1,2,2,1,2,99,0,99,0,0,6,0,1,0,99,99,99,4,99,88,88,88,88,0,1,0
Sheen_etal,2009,,22,,,,,,,60.2,13.1,77.5,13.6,,,,,1,F,0,2,1,2,1,1,1,2,2,1,2,99,0,99,0,0,6,0,1,0,99,99,99,4,99,1,2,0,88,0,1,0
Sheen_etal,2009,,22,,,,,,,60.2,13.1,78,13.9,,,,,2,F,0,2,4,2,1,1,1,2,2,1,2,99,0,99,0,0,6,0,1,0,99,99,99,4,99,1,2,0,88,0,1,0
Sheen_etal,2009,,23,,,,,,,57,14.4,62.7,21.8,,,,,1,F,0,2,1,2,1,1,1,2,2,1,2,99,0,99,0,0,6,0,1,0,99,99,99,4,99,1,1,0,88,0,1,0
Sheen_etal,2009,,23,,,,,,,57,14.4,67,17.7,,,,,2,F,0,2,4,2,1,1,1,2,2,1,2,99,0,99,0,0,6,0,1,0,99,99,99,4,99,1,1,0,88,0,1,0
Sheen_etal,2009,,16,,,,,,,56.4,14.8,63.3,16.3,,,,,1,T,0,2,1,0,88,1,1,2,2,1,2,99,0,99,0,0,6,0,1,0,99,99,99,4,99,88,88,88,88,0,1,0
Sheen_etal,2009,,16,,,,,,,54.7,11.4,71.9,9.01,,,,,2,T,0,2,4,0,88,1,1,2,2,1,2,99,0,99,0,0,6,0,1,0,99,99,99,4,99,88,88,88,88,0,1,0
Sheen_etal,2009,,23,,,,,,,55.9,11.9,67.4,13.4,,,,,1,F,3,3,1,2,1,1,1,2,2,1,2,99,0,99,0,0,6,0,1,0,99,99,99,4,99,0,1,0,88,0,1,0
Sheen_etal,2009,,23,,,,,,,55.9,11.9,67.9,11.6,,,,,2,F,3,3,4,2,1,1,1,2,2,1,2,99,0,99,0,0,6,0,1,0,99,99,99,4,99,0,1,0,88,0,1,0
Sheen_etal,2009,,22,,,,,,,59,16.3,75.9,14.9,,,,,1,F,3,3,1,2,1,1,1,2,2,1,2,99,0,99,0,0,6,0,1,0,99,99,99,4,99,1,2,0,88,0,1,0
Sheen_etal,2009,,22,,,,,,,59,16.3,73.4,13,,,,,2,F,3,3,4,2,1,1,1,2,2,1,2,99,0,99,0,0,6,0,1,0,99,99,99,4,99,1,2,0,88,0,1,0
Sheen_etal,2009,,19,,,,,,,53,14.3,62.8,16,,,,,1,T,3,3,1,0,88,1,1,2,2,1,2,99,0,99,0,0,6,0,1,0,99,99,99,4,99,88,88,88,88,0,1,0
Sheen_etal,2009,,19,,,,,,,58.9,13.1,67.2,14.3,,,,,2,T,3,3,4,0,88,1,1,2,2,1,2,99,0,99,0,0,6,0,1,0,99,99,99,4,99,88,88,88,88,0,1,0
Sheen_etal,2009,,23,,,,,,,55.9,11.9,67.4,13.4,,,,,1,F,0,4,1,2,1,1,1,2,2,1,2,99,0,99,0,0,6,0,1,0,99,99,99,4,99,0,1,0,88,0,1,0
Sheen_etal,2009,,23,,,,,,,55.9,11.9,67.9,11.6,,,,,2,F,0,4,4,2,1,1,1,2,2,1,2,99,0,99,0,0,6,0,1,0,99,99,99,4,99,0,1,0,88,0,1,0
Sheen_etal,2009,,22,,,,,,,59,16.3,75.9,14.9,,,,,1,F,0,4,1,2,1,1,1,2,2,1,2,99,0,99,0,0,6,0,1,0,99,99,99,4,99,1,2,0,88,0,1,0
Sheen_etal,2009,,22,,,,,,,59,16.3,73.4,13,,,,,2,F,0,4,4,2,1,1,1,2,2,1,2,99,0,99,0,0,6,0,1,0,99,99,99,4,99,1,2,0,88,0,1,0
Sheen_etal,2009,,16,,,,,,,56.4,14.8,63.3,16.3,,,,,1,T,0,4,1,0,88,1,1,2,2,1,2,99,0,99,0,0,6,0,1,0,99,99,99,4,99,88,88,88,88,0,1,0
Sheen_etal,2009,,16,,,,,,,54.7,11.4,71.9,9.01,,,,,2,T,0,4,4,0,88,1,1,2,2,1,2,99,0,99,0,0,6,0,1,0,99,99,99,4,99,88,88,88,88,0,1,0
,,,,,,,,,,,,,,,,,,,,,,,,,,,,,,,,,,,,,,,,,,,,,,,,,,,
Shintani_ Ellis,2013,,13,,,,,,,0.34,0.37,0.72,0.34,,,,,1,F,0,1,2,1,0,1,1,2,2,1,99,99,1,1,1,0,5,1,1,0,99,0,99,14,99,1,2,3,88,1,1,0
Shintani_ Ellis,2013,,13,,,,,,,0.34,0.37,0.39,0.36,,,,,2,F,0,1,2,1,0,1,1,2,2,1,99,99,1,1,1,0,5,1,1,0,99,0,99,14,99,1,2,3,88,1,1,0
Shintani_ Ellis,2013,,15,,,,,,,0.37,0.38,0.54,0.36,,,,,1,F,0,1,2,1,0,1,1,2,2,1,99,99,1,1,1,0,5,1,1,0,99,0,99,14,99,1,2,0,88,1,1,0
Shintani_ Ellis,2013,,15,,,,,,,0.37,0.38,0.49,0.36,,,,,2,F,0,1,2,1,0,1,1,2,2,1,99,99,1,1,1,0,5,1,1,0,99,0,99,14,99,1,2,0,88,1,1,0
Shintani_ Ellis,2013,,16,,,,,,,0.32,0.37,0.28,0.36,,,,,1,T,0,1,2,0,88,1,1,2,2,1,99,99,1,1,1,0,5,1,1,0,99,0,99,14,99,88,88,88,88,1,1,0
Shintani_ Ellis,2013,,16,,,,,,,0.32,0.37,0.35,0.32,,,,,2,T,0,1,2,0,88,1,1,2,2,1,99,99,1,1,1,0,5,1,1,0,99,0,99,14,99,88,88,88,88,1,1,0
,,,,,,,,,,,,,,,,,,,,,,,,,,,,,,,,,,,,,,,,,,,,,,,,,,,
Sobhani_Tayebipour,2015,,15,,-1.59,,,,,15.05,2,15.93,1.951,,,T,,1,F,0,1,2,1,99,0,2,3,99,1,99,99,0,0,1,1,5,0,1,0,99,99,0,4,88,0,0,1,88,1,99,0
Sobhani_Tayebipour,2015,,15,,-2.29,,,,,15.18,1.56,16.21,1.858,,,T,,1,F,0,1,2,1,99,0,2,3,99,1,99,99,0,0,1,1,5,0,1,0,99,99,0,4,88,0,1,1,88,1,99,0
Sobhani_Tayebipour,2015,,15,,,,,,,15.03,1.569,15.25,1.742,,,,,1,T,0,1,2,0,88,0,2,3,99,1,99,99,0,0,1,1,5,0,1,0,99,99,0,4,88,88,88,88,88,1,99,0
,,,,,,,,,,,,,,,,,,,,,,,,,,,,,,,,,,,,,,,,,,,,,,,,,,,
Stefanou_Revesz,2015,,30,,,,,,,3.4,0.89,3.5,1,,,,,1,F,3,1,0,2,0,1,2,1,1,1,99,99,1,1,0,0,7,1,0,0,99,0,99,4,99,1,2,0,88,99,2,0
Stefanou_Revesz,2015,,30,,,,,,,3.4,0.89,3.6,0.89,,,,,2,F,3,1,2,2,0,1,2,1,1,1,99,99,1,1,0,0,7,1,0,0,99,0,99,4,99,1,2,0,88,99,2,0
Stefanou_Revesz,2015,,30,,,,,,,0.97,1.07,2.93,1.41,,,,,1,F,3,2,0,2,0,1,2,1,1,1,99,99,1,1,0,0,7,1,0,0,99,0,99,4,99,1,2,0,88,99,2,0
Stefanou_Revesz,2015,,30,,,,,,,0.97,1.07,3.13,1.43,,,,,2,F,3,2,2,2,0,1,2,1,1,1,99,99,1,1,0,0,7,1,0,0,99,0,99,4,99,1,2,0,88,99,2,0
Stefanou_Revesz,2015,,30,,,,,,,2.9,1.27,3.67,0.92,,,,,1,F,3,1,0,2,0,1,2,1,1,1,99,99,1,1,0,0,7,1,0,0,99,0,99,4,99,1,2,8,88,99,2,0
Stefanou_Revesz,2015,,30,,,,,,,2.9,1.27,3.83,0.59,,,,,2,F,3,1,2,2,0,1,2,1,1,1,99,99,1,1,0,0,7,1,0,0,99,0,99,4,99,1,2,8,88,99,2,0
Stefanou_Revesz,2015,,30,,,,,,,1.13,1.55,3.1,1.47,,,,,1,F,3,2,0,2,0,1,2,1,1,1,99,99,1,1,0,0,7,1,0,0,99,0,99,4,99,1,2,8,88,99,2,0
Stefanou_Revesz,2015,,30,,,,,,,1.13,1.55,3.33,1.18,,,,,2,F,3,2,2,2,0,1,2,1,1,1,99,99,1,1,0,0,7,1,0,0,99,0,99,4,99,1,2,8,88,99,2,0
Stefanou_Revesz,2015,,29,,,,,,,2.69,1.34,3.38,1.11,,,,,1,T,3,1,0,0,88,1,2,1,1,1,99,99,1,1,0,0,7,1,0,0,99,0,99,4,99,88,88,88,88,99,2,0
Stefanou_Revesz,2015,,29,,,,,,,2.69,1.34,3.14,1.3,,,,,2,T,3,1,2,0,88,1,2,1,1,1,99,99,1,1,0,0,7,1,0,0,99,0,99,4,99,88,88,88,88,99,2,0
Stefanou_Revesz,2015,,29,,,,,,,1.72,1.51,1.17,1.6,,,,,1,T,3,2,0,0,88,1,2,1,1,1,99,99,1,1,0,0,7,1,0,0,99,0,99,4,99,88,88,88,88,99,2,0
Stefanou_Revesz,2015,,29,,,,,,,1.72,1.51,1.48,1.64,,,,,2,T,3,2,2,0,88,1,2,1,1,1,99,99,1,1,0,0,7,1,0,0,99,0,99,4,99,88,88,88,88,99,2,0
,,,,,,,,,,,,,,,,,,,,,,,,,,,,,,,,,,,,,,,,,,,,,,,,,,,
Sun,2013,,11,,,,,,,0.356987,0.1948038,0.204421,0.1588429,,T,,,1,F,1,1,3,5,1,2,2,2,2,1,99,1,1,0,1,0,5,0,0,2,2,0,1,1,99,7,2,15,0,0,1,0
Sun,2013,,12,,,,,,,0.26616,0.1615753,0.260022,0.1479377,,T,,,1,F,1,1,3,5,1,2,2,2,2,1,99,1,1,0,1,0,5,0,0,2,2,0,1,1,99,0,0,4,1,0,1,0
Sun ,2013,,10,,,,,,,0.30681,0.1613508,0.287568,0.104496,,T,,,1,T,1,1,3,0,88,2,2,2,2,1,99,1,1,0,1,0,5,0,0,2,2,0,1,1,99,88,88,88,88,0,1,0
,,,,,,,,,,,,,,,,,,,,,,,,,,,,,,,,,,,,,,,,,,,,,,,,,,,
Tanveer.etal,2018,,10,,,,,,,10.448,4.53,5.398,1.84396,,T,,,1,F,0,1,0,1,99,0,2,1,1,1,99,99,1,1,1,0,5,0,1,0,99,99,99,0,99,99,1,8,88,99,1,0
Tanveer.etal,2018,,10,,,,,,,10.448,4.53,6.44,3.4307,,T,,,2,F,0,1,2,1,99,0,2,1,1,1,99,99,1,1,1,0,5,0,1,0,99,99,99,0,99,99,1,8,88,99,1,0
Tanveer.etal,2018,,10,,,,,,,10.259,1.8556,7.085,3.03298,,T,,,1,F,0,1,0,1,99,0,2,1,1,1,99,99,1,1,1,0,5,0,1,0,99,99,99,0,99,99,1,3,88,99,1,0
Tanveer.etal,2018,,10,,,,,,,10.259,1.8556,8.596,3.528,,T,,,2,F,0,1,2,1,99,0,2,1,1,1,99,99,1,1,1,0,5,0,1,0,99,99,99,0,99,99,1,3,88,99,1,0
Tanveer.etal,2018,,10,,,,,,,10.683,3.8566,13.141,5.13784,,T,,,1,T,0,1,0,0,88,0,2,1,1,1,99,99,1,1,1,0,5,0,1,0,99,99,99,0,99,88,88,88,88,99,1,0
Tanveer.etal,2018,,10,,,,,,,10.683,3.8566,16.65,8.03396,,T,,,2,T,0,1,2,0,88,0,2,1,1,1,99,99,1,1,1,0,5,0,1,0,99,99,99,0,99,88,88,88,88,99,1,0
,,,,,,,,,,,,,,,,,,,,,,,,,,,,,,,,,,,,,,,,,,,,,,,,,,,
Trscott_Hsu,2008,,21,,,,,,,0.0799,0.0367,0.113,0.0472,,T,,,1,F,0,1,1,3,1,1,2,2,2,1,99,1,0,99,0,1,5,0,1,0,1,99,0,0,99,0,0,1,88,1,1,0
Trscott_Hsu,2008,,26,,,,,,,0.0763,0.0389,0.1095,0.0537,,T,,,1,T,0,1,1,0,88,1,2,2,2,1,99,1,0,99,0,1,5,0,1,0,1,99,0,0,99,88,88,88,88,1,1,0
,,,,,,,,,,,,,,,,,,,,,,,,,,,,,,,,,,,,,,,,,,,,,,,,,,,
VanBeuningen_Jong_Kuiken ,2008,,15,,,,,,,1.63,0.76,1.12,0.74,,,,,1,F,2,1,1,1,99,0,2,1,1,99,99,99,1,1,0,0,2,1,1,0,1,0,0,0,0,0,0,0,88,88,1,0
VanBeuningen_Jong_Kuiken ,2008,,15,,,,,,,1.15,0.53,1.43,0.78,,,,,1,F,2,1,1,1,99,0,2,1,1,99,99,99,1,1,0,0,2,1,1,0,1,0,0,0,0,0,0,2,1,88,1,0
VanBeuningen_Jong_Kuiken ,2008,,19,,,,,,,1.21,0.56,1.32,0.75,,,,,1,T,2,1,1,0,99,0,2,1,1,99,99,99,1,1,0,0,2,1,1,0,1,0,0,0,0,88,88,88,88,88,1,0
VanBeuningen_Jong_Kuiken ,2008,,15,,,,,,,1.63,0.76,1.12,0.74,,,,,1,F,0,2,1,1,99,0,2,1,1,99,99,99,1,1,0,0,2,1,1,0,1,0,0,0,0,0,0,0,88,88,1,0
VanBeuningen_Jong_Kuiken ,2008,,15,,,,,,,1.15,0.53,1.43,0.78,,,,,1,F,0,2,1,1,99,0,2,1,1,99,99,99,1,1,0,0,2,1,1,0,1,0,0,0,0,0,0,2,1,88,1,0
VanBeuningen_Jong_Kuiken ,2008,,13,,,,,,,1.53,0.69,1.9,0.59,,,,,1,T,0,2,1,0,99,0,2,1,1,99,99,99,1,1,0,0,2,1,1,0,1,0,0,0,0,88,88,88,88,88,0,0
VanBeuningen_Jong_Kuiken ,2008,,18,,,,,,,1.55,0.79,1.11,0.6,,,,,1,F,2,3,1,1,99,0,2,1,1,99,99,99,1,1,0,0,2,1,1,0,1,0,0,0,0,0,0,0,88,88,1,0
VanBeuningen_Jong_Kuiken ,2008,,17,,,,,,,1.24,0.53,1.29,0.43,,,,,1,F,2,3,1,1,99,0,2,1,1,99,99,99,1,1,0,0,2,1,1,0,1,0,0,0,0,0,0,2,1,88,1,0
VanBeuningen_Jong_Kuiken ,2008,,17,,,,,,,1.19,0.6,1.41,0.59,,,,,1,T,2,3,1,0,99,0,2,1,1,99,99,99,1,1,0,0,2,1,1,0,1,0,0,0,0,88,88,88,88,88,1,0
VanBeuningen_Jong_Kuiken ,2008,,18,,,,,,,1.55,0.79,1.11,0.6,,,,,1,F,0,4,1,1,99,0,2,1,1,99,99,99,1,1,0,0,2,1,1,0,1,0,0,0,0,0,0,0,88,88,1,0
VanBeuningen_Jong_Kuiken ,2008,,17,,,,,,,1.24,0.53,1.29,0.43,,,,,1,F,0,4,1,1,99,0,2,1,1,99,99,99,1,1,0,0,2,1,1,0,1,0,0,0,0,0,0,2,1,88,1,0
VanBeuningen_Jong_Kuiken ,2008,,14,,,,,,,1.67,0.45,1.76,0.91,,,,,1,T,0,4,1,0,99,0,2,1,1,99,99,99,1,1,0,0,2,1,1,0,1,0,0,0,0,88,88,88,88,88,0,0
,,,,,,,,,,,,,,,,,,,,,,,,,,,,,,,,,,,,,,,,,,,,,,,,,,,
VanBeuningen.Jong.KuikenIA,2012,,34,,,,,,,0.55,0.31,0.49,0.33,,T,,,1,T,2,1,1,1,99,1,2,1,1,77,99,99,1,1,1,1,2,1,1,0,1,0,0,0,0,0,0,0,88,88,1,0
VanBeuningen.Jong.KuikenIA,2012,,34,,,,,,,0.55,0.31,0.39,0.26,,T,,,2,F,2,1,4,1,99,1,2,1,1,77,99,99,1,1,1,1,2,1,1,0,1,0,0,0,0,0,0,0,88,88,1,0
VanBeuningen.Jong.KuikenIA,2012,,31,,,,,,,0.47,0.33,0.51,0.27,,T,,,1,T,2,1,1,1,99,1,2,1,1,77,99,99,1,1,1,1,2,1,1,0,1,0,0,0,0,0,0,2,1,88,1,0
VanBeuningen.Jong.KuikenIA,2012,,31,,,,,,,0.47,0.33,0.49,0.32,,T,,,2,F,2,1,4,1,99,1,2,1,1,77,99,99,1,1,1,1,2,1,1,0,1,0,0,0,0,0,0,2,1,88,1,0
VanBeuningen.Jong.KuikenIA,2012,,46,,,,,,,0.53,0.32,0.64,0.41,,T,,,1,T,2,1,1,0,99,1,2,1,1,77,99,99,1,1,1,1,2,1,1,0,1,0,0,0,0,88,88,88,88,88,1,0
VanBeuningen.Jong.KuikenIA,2012,,46,,,,,,,0.53,0.32,0.6,0.39,,T,,,2,T,2,1,4,0,99,1,2,1,1,77,99,99,1,1,1,1,2,1,1,0,1,0,0,0,0,88,88,88,88,88,1,0
VanBeuningen.Jong.KuikenIA,2012,,34,,,,,,,0.55,0.31,0.49,0.33,,T,,,1,T,0,2,1,1,99,1,2,1,1,77,99,99,1,1,1,1,2,1,1,0,1,0,0,0,0,0,0,0,88,88,1,0
VanBeuningen.Jong.KuikenIA,2012,,34,,,,,,,0.55,0.31,0.39,0.26,,T,,,2,F,0,2,4,1,99,1,2,1,1,77,99,99,1,1,1,1,2,1,1,0,1,0,0,0,0,0,0,0,88,88,1,0
VanBeuningen.Jong.KuikenIA,2012,,31,,,,,,,0.47,0.33,0.51,0.27,,T,,,1,T,0,2,1,1,99,1,2,1,1,77,99,99,1,1,1,1,2,1,1,0,1,0,0,0,0,0,0,2,1,88,1,0
VanBeuningen.Jong.KuikenIA,2012,,31,,,,,,,0.47,0.33,0.49,0.32,,T,,,2,F,0,2,4,1,99,1,2,1,1,77,99,99,1,1,1,1,2,1,1,0,1,0,0,0,0,0,0,2,1,88,1,0
VanBeuningen.Jong.KuikenIA,2012,,33,,,,,,,0.52,0.36,0.69,0.44,,T,,,1,T,0,2,1,0,99,1,2,1,1,77,99,99,1,1,1,1,2,1,1,0,1,0,0,0,0,88,88,88,88,88,1,0
VanBeuningen.Jong.KuikenIA,2012,,33,,,,,,,0.52,0.36,0.72,0.46,,T,,,2,T,0,2,4,0,99,1,2,1,1,77,99,99,1,1,1,1,2,1,1,0,1,0,0,0,0,88,88,88,88,88,1,0
,,,,,,,,,,,,,,,,,,,,,,,,,,,,,,,,,,,,,,,,,,,,,,,,,,,
VanBeuningen.Jong.KuikenIB,2012,,32,,,,,,,0.43,0.27,0.32,0.22,,T,,,1,F,2,1,1,1,99,1,2,1,1,77,99,99,1,1,1,1,2,1,1,0,1,0,0,0,0,0,0,0,88,88,1,0
VanBeuningen.Jong.KuikenIB,2012,,32,,,,,,,0.43,0.27,0.39,0.34,,T,,,2,F,2,1,4,1,99,1,2,1,1,77,99,99,1,1,1,1,2,1,1,0,1,0,0,0,0,0,0,0,88,88,1,0
VanBeuningen.Jong.KuikenIB,2012,,26,,,,,,,0.33,0.24,0.36,0.27,,T,,,1,F,2,1,1,1,99,1,2,1,1,77,99,99,1,1,1,1,2,1,1,0,1,0,0,0,0,0,0,2,1,88,1,0
VanBeuningen.Jong.KuikenIB,2012,,26,,,,,,,0.33,0.24,0.37,0.22,,T,,,2,F,2,1,4,1,99,1,2,1,1,77,99,99,1,1,1,1,2,1,1,0,1,0,0,0,0,0,0,2,1,88,1,0
VanBeuningen.Jong.KuikenIB,2012,,33,,,,,,,0.37,0.25,0.42,0.3,,T,,,1,T,2,1,1,0,99,1,2,1,1,77,99,99,1,1,1,1,2,1,1,0,1,0,0,0,0,88,88,88,88,88,1,0
VanBeuningen.Jong.KuikenIB,2012,,33,,,,,,,0.37,0.25,0.46,0.33,,T,,,2,T,2,1,4,0,99,1,2,1,1,77,99,99,1,1,1,1,2,1,1,0,1,0,0,0,0,88,88,88,88,88,1,0
VanBeuningen.Jong.KuikenIB,2012,,32,,,,,,,0.43,0.27,0.32,0.22,,T,,,1,F,0,2,1,1,99,1,2,1,1,77,99,99,1,1,1,1,2,1,1,0,1,0,0,0,0,0,0,0,88,88,1,0
VanBeuningen.Jong.KuikenIB,2012,,32,,,,,,,0.43,0.27,0.39,0.34,,T,,,2,F,0,2,4,1,99,1,2,1,1,77,99,99,1,1,1,1,2,1,1,0,1,0,0,0,0,0,0,0,88,88,1,0
VanBeuningen.Jong.KuikenIB,2012,,26,,,,,,,0.33,0.24,0.36,0.27,,T,,,1,F,0,2,1,1,99,1,2,1,1,77,99,99,1,1,1,1,2,1,1,0,1,0,0,0,0,0,0,2,1,88,1,0
VanBeuningen.Jong.KuikenIB,2012,,26,,,,,,,0.33,0.24,0.37,0.22,,T,,,2,F,0,2,4,1,99,1,2,1,1,77,99,99,1,1,1,1,2,1,1,0,1,0,0,0,0,0,0,2,1,88,1,0
VanBeuningen.Jong.KuikenIB,2012,,33,,,,,,,0.37,0.27,0.44,0.23,,T,,,1,T,0,2,1,0,99,1,2,1,1,77,99,99,1,1,1,1,2,1,1,0,1,0,0,0,0,88,88,88,88,88,1,0
VanBeuningen.Jong.KuikenIB,2012,,33,,,,,,,0.37,0.27,0.45,0.23,,T,,,2,T,0,2,4,0,99,1,2,1,1,77,99,99,1,1,1,1,2,1,1,0,1,0,0,0,0,88,88,88,88,88,1,0
,,,,,,,,,,,,,,,,,,,,,,,,,,,,,,,,,,,,,,,,,,,,,,,,,,,
Wagner,2016,,21,,,,,,,2.1,2.6,1.2,1.6,,T,,,1,F,1,1,4,3,1,2,2,1,1,2,0,99,0,0,0,0,2,0,1,0,2,0,99,4,1,0,0,2,1,1,1,0
Wagner,2016,,19,,,,,,,2,2.9,2,2.7,,T,,,1,T,1,1,4,0,88,2,2,1,1,2,0,99,0,0,0,0,2,0,1,0,2,0,99,4,1,88,88,88,88,1,1,1
,,,,,,,,,,,,,,,,,,,,,,,,,,,,,,,,,,,,,,,,,,,,,,,,,,,
Wang,2017,,35,,,,,,,16.5,10.98,6.1,5.91,,T,,,1,F,1,1,4,3,0,0,2,2,2,99,3,99,0,0,0,0,2,0,1,0,3,2,99,0,99,0,0,1,88,1,1,0
Wang,2017,,35,,,,,,,18.2,14.08,6.5,7.84,,T,,,1,F,1,1,4,3,0,0,2,2,2,99,3,99,0,0,0,0,2,0,1,0,3,2,99,0,99,0,0,0,88,1,1,0
Wang ,2017,,35,,,,,,,11,13.45,5.6,10.76,,T,,,1,T,1,1,4,0,88,0,2,2,2,99,3,99,0,0,0,0,2,0,1,0,3,2,99,0,99,88,88,88,88,1,1,0
,,,,,,,,,,,,,,,,,,,,,,,,,,,,,,,,,,,,,,,,,,,,,,,,,,,
Yu_Cheng,2017,,31,,,,,,,76.03,14.16,76.45,15.52,,,,,1,F,1,1,0,3,0,0,2,2,2,1,99,0,0,1,1,0,2,1,1,0,1,0,1,14,99,1,2,8,88,3,1,0
Yu_Cheng,2017,,31,,,,,,,76.03,14.16,82,11.28,,,,,2,F,1,1,2,3,0,0,2,2,2,1,99,0,0,1,1,0,2,1,1,0,1,0,1,14,99,1,2,8,88,3,1,0
Yu_Cheng,2017,,29,,,,,,,84.24,11.4,78.31,11.24,,,,,1,T,1,1,0,0,88,0,2,2,2,1,99,0,0,1,1,0,2,1,1,0,1,0,1,14,99,88,88,88,88,3,1,0
Yu_Cheng,2017,,29,,,,,,,84.24,11.4,85.34,9.72,,,,,2,T,1,1,2,0,88,0,2,2,2,1,99,0,0,1,1,0,2,1,1,0,1,0,1,14,99,88,88,88,88,3,1,0
,,,,,,,,,,,,,,,,,,,,,,,,,,,,,,,,,,,,,,,,,,,,,,,,,,,
Zhang,2017,,30,,,,,,,5.17,1.577,6.97,1.402,,T,,,1,F,0,1,1,2,2,1,2,2,2,1,99,99,1,1,1,0,2,1,1,0,2,2,1,0,99,0,0,0,88,1,2,0
Zhang,2017,,30,,,,,,,5.17,1.577,6.73,1.081,,T,,,2,F,0,1,3,2,2,1,2,2,2,1,99,99,1,1,1,0,2,1,1,0,2,2,1,0,99,0,0,0,88,1,2,0
Zhang,2017,,30,,,,,,,5.07,1.552,5.73,1.388,,T,,,1,T,0,1,1,0,88,1,2,2,2,1,99,99,1,1,1,0,2,1,1,0,2,2,1,0,99,88,88,88,88,1,2,0
Zhang,2017,,30,,,,,,,5.07,1.552,5.67,1.155,,T,,,2,T,0,1,3,0,88,1,2,2,2,1,99,99,1,1,1,0,2,1,1,0,2,2,1,0,99,88,88,88,88,1,2,0
